0 verbose cli C:\Program Files\nodejs\node.exe C:\Program Files\nodejs\node_modules\npm\bin\npm-cli.js
1 info using npm@10.9.8
2 info using node@v22.23.1
3 silly config load:file:C:\Program Files\nodejs\node_modules\npm\npmrc
4 silly config load:file:C:\Users\ssamy\Documents\Codex\2026-09-24\cre\.npmrc
5 silly config load:file:C:\Users\ssamy\.npmrc
6 silly config load:file:C:\Users\ssamy\AppData\Roaming\npm\etc\npmrc
7 verbose title npm install
8 verbose argv "install"
9 verbose logfile logs-max:10 dir:C:\Users\ssamy\Documents\Codex\2026-09-24\cre\work\npm-cache\_logs\2026-09-24T18_52_12_569Z-
10 verbose logfile C:\Users\ssamy\Documents\Codex\2026-09-24\cre\work\npm-cache\_logs\2026-09-24T18_52_12_569Z-debug-0.log
11 silly logfile done cleaning log files
12 silly packumentCache heap:4345298944 maxSize:1086324736 maxEntrySize:543162368
13 silly idealTree buildDeps
14 silly fetch manifest @astrojs/mdx@latest
15 silly packumentCache full:https://registry.npmjs.org/@astrojs%2fmdx cache-miss
16 http fetch GET 200 https://registry.npmjs.org/@astrojs%2fmdx 391ms (cache miss)
17 silly packumentCache full:https://registry.npmjs.org/@astrojs%2fmdx set size:undefined disposed:false
18 silly fetch manifest @astrojs/markdown-remark@^7.3.0
19 silly packumentCache full:https://registry.npmjs.org/@astrojs%2fmarkdown-remark cache-miss
20 http fetch GET 200 https://registry.npmjs.org/npm 460ms
21 http fetch GET 200 https://registry.npmjs.org/@astrojs%2fmarkdown-remark 342ms (cache miss)
22 silly packumentCache full:https://registry.npmjs.org/@astrojs%2fmarkdown-remark set size:undefined disposed:false
23 silly fetch manifest astro@latest
24 silly packumentCache full:https://registry.npmjs.org/astro cache-miss
25 http fetch GET 200 https://registry.npmjs.org/astro 383ms (cache miss)
26 silly packumentCache full:https://registry.npmjs.org/astro set size:undefined disposed:false
27 silly fetch manifest @astrojs/rss@latest
28 silly packumentCache full:https://registry.npmjs.org/@astrojs%2frss cache-miss
29 http fetch GET 200 https://registry.npmjs.org/@astrojs%2frss 135ms (cache miss)
30 silly packumentCache full:https://registry.npmjs.org/@astrojs%2frss set size:undefined disposed:false
31 silly fetch manifest @astrojs/sitemap@latest
32 silly packumentCache full:https://registry.npmjs.org/@astrojs%2fsitemap cache-miss
33 http fetch GET 200 https://registry.npmjs.org/@astrojs%2fsitemap 122ms (cache miss)
34 silly packumentCache full:https://registry.npmjs.org/@astrojs%2fsitemap set size:undefined disposed:false
35 silly fetch manifest typescript@latest
36 silly packumentCache full:https://registry.npmjs.org/typescript cache-miss
37 http fetch GET 200 https://registry.npmjs.org/typescript 941ms (cache miss)
38 silly packumentCache full:https://registry.npmjs.org/typescript set size:undefined disposed:false
39 silly placeDep ROOT @astrojs/mdx@8.0.2 OK for: bac9-blog@0.1.0 want: latest
40 silly placeDep ROOT astro@7.3.5 OK for: @astrojs/mdx@8.0.2 want: ^7.2.10
41 silly placeDep ROOT @astrojs/rss@4.0.19 OK for: bac9-blog@0.1.0 want: latest
42 silly placeDep ROOT @astrojs/sitemap@3.7.4 OK for: bac9-blog@0.1.0 want: latest
43 silly placeDep ROOT typescript@7.0.2 OK for: bac9-blog@0.1.0 want: latest
44 silly fetch manifest es-module-lexer@^2.0.0
45 silly packumentCache full:https://registry.npmjs.org/es-module-lexer cache-miss
46 silly fetch manifest @astrojs/internal-helpers@0.11.0
47 silly packumentCache full:https://registry.npmjs.org/@astrojs%2finternal-helpers cache-miss
48 silly fetch manifest @astrojs/markdown-satteri@0.4.2
49 silly packumentCache full:https://registry.npmjs.org/@astrojs%2fmarkdown-satteri cache-miss
50 silly fetch manifest zod@^4.5.4
51 silly packumentCache full:https://registry.npmjs.org/zod cache-miss
52 silly fetch manifest clsx@^2.1.1
53 silly packumentCache full:https://registry.npmjs.org/clsx cache-miss
54 silly fetch manifest diff@^9.0.0
55 silly packumentCache full:https://registry.npmjs.org/diff cache-miss
56 silly fetch manifest dset@^3.1.4
57 silly packumentCache full:https://registry.npmjs.org/dset cache-miss
58 http fetch GET 200 https://registry.npmjs.org/es-module-lexer 98ms (cache miss)
59 silly packumentCache full:https://registry.npmjs.org/es-module-lexer set size:undefined disposed:false
60 silly fetch manifest obug@^3.0.0
61 silly packumentCache full:https://registry.npmjs.org/obug cache-miss
62 http fetch GET 200 https://registry.npmjs.org/obug 88ms (cache miss)
63 silly packumentCache full:https://registry.npmjs.org/obug set size:undefined disposed:false
64 silly fetch manifest svgo@^4.1.0
65 silly packumentCache full:https://registry.npmjs.org/svgo cache-miss
66 http fetch GET 200 https://registry.npmjs.org/clsx 234ms (cache miss)
67 silly packumentCache full:https://registry.npmjs.org/clsx set size:undefined disposed:false
68 silly fetch manifest vite@^8.0.13
69 silly packumentCache full:https://registry.npmjs.org/vite cache-miss
70 http fetch GET 200 https://registry.npmjs.org/diff 278ms (cache miss)
71 silly packumentCache full:https://registry.npmjs.org/diff set size:undefined disposed:false
72 silly fetch manifest shiki@^4.0.2
73 silly packumentCache full:https://registry.npmjs.org/shiki cache-miss
74 http fetch GET 200 https://registry.npmjs.org/@astrojs%2fmarkdown-satteri 297ms (cache miss)
75 silly packumentCache full:https://registry.npmjs.org/@astrojs%2fmarkdown-satteri set size:undefined disposed:false
76 silly fetch manifest cookie@^2.0.1
77 silly packumentCache full:https://registry.npmjs.org/cookie cache-miss
78 http fetch GET 200 https://registry.npmjs.org/@astrojs%2finternal-helpers 299ms (cache miss)
79 silly packumentCache full:https://registry.npmjs.org/@astrojs%2finternal-helpers set size:undefined disposed:false
80 silly fetch manifest mrmime@^2.0.1
81 silly packumentCache full:https://registry.npmjs.org/mrmime cache-miss
82 http fetch GET 200 https://registry.npmjs.org/cookie 81ms (cache miss)
83 silly packumentCache full:https://registry.npmjs.org/cookie set size:undefined disposed:false
84 silly fetch manifest verkit@^0.4.0
85 silly packumentCache full:https://registry.npmjs.org/verkit cache-miss
86 http fetch GET 200 https://registry.npmjs.org/mrmime 95ms (cache miss)
87 silly packumentCache full:https://registry.npmjs.org/mrmime set size:undefined disposed:false
88 silly fetch manifest vitefu@^1.1.2
89 silly packumentCache full:https://registry.npmjs.org/vitefu cache-miss
90 http fetch GET 200 https://registry.npmjs.org/dset 493ms (cache miss)
91 silly packumentCache full:https://registry.npmjs.org/dset set size:undefined disposed:false
92 silly fetch manifest ci-info@^4.4.0
93 silly packumentCache full:https://registry.npmjs.org/ci-info cache-miss
94 http fetch GET 200 https://registry.npmjs.org/zod 498ms (cache miss)
95 silly packumentCache full:https://registry.npmjs.org/zod set size:undefined disposed:false
96 silly fetch manifest devalue@^5.8.1
97 silly packumentCache full:https://registry.npmjs.org/devalue cache-miss
98 http fetch GET 200 https://registry.npmjs.org/verkit 178ms (cache miss)
99 silly packumentCache full:https://registry.npmjs.org/verkit set size:undefined disposed:false
100 silly fetch manifest esbuild@^0.28.0
101 silly packumentCache full:https://registry.npmjs.org/esbuild cache-miss
102 http fetch GET 200 https://registry.npmjs.org/svgo 374ms (cache miss)
103 silly packumentCache full:https://registry.npmjs.org/svgo set size:undefined disposed:false
104 silly fetch manifest flattie@^1.1.1
105 silly packumentCache full:https://registry.npmjs.org/flattie cache-miss
106 http fetch GET 200 https://registry.npmjs.org/shiki 288ms (cache miss)
107 silly packumentCache full:https://registry.npmjs.org/shiki set size:undefined disposed:false
108 silly fetch manifest fontace@~0.4.1
109 silly packumentCache full:https://registry.npmjs.org/fontace cache-miss
110 http fetch GET 200 https://registry.npmjs.org/vitefu 186ms (cache miss)
111 silly packumentCache full:https://registry.npmjs.org/vitefu set size:undefined disposed:false
112 silly fetch manifest js-yaml@^4.3.2
113 silly packumentCache full:https://registry.npmjs.org/js-yaml cache-miss
114 http fetch GET 200 https://registry.npmjs.org/ci-info 113ms (cache miss)
115 silly packumentCache full:https://registry.npmjs.org/ci-info set size:undefined disposed:false
116 silly fetch manifest p-limit@^7.3.0
117 silly packumentCache full:https://registry.npmjs.org/p-limit cache-miss
118 http fetch GET 200 https://registry.npmjs.org/devalue 125ms (cache miss)
119 silly packumentCache full:https://registry.npmjs.org/devalue set size:undefined disposed:false
120 silly fetch manifest p-queue@^9.1.0
121 silly packumentCache full:https://registry.npmjs.org/p-queue cache-miss
122 http fetch GET 200 https://registry.npmjs.org/flattie 115ms (cache miss)
123 silly packumentCache full:https://registry.npmjs.org/flattie set size:undefined disposed:false
124 silly fetch manifest unifont@~0.7.5
125 silly packumentCache full:https://registry.npmjs.org/unifont cache-miss
126 http fetch GET 200 https://registry.npmjs.org/fontace 118ms (cache miss)
127 silly packumentCache full:https://registry.npmjs.org/fontace set size:undefined disposed:false
128 silly fetch manifest magicast@^0.5.2
129 silly packumentCache full:https://registry.npmjs.org/magicast cache-miss
130 http fetch GET 200 https://registry.npmjs.org/js-yaml 153ms (cache miss)
131 silly packumentCache full:https://registry.npmjs.org/js-yaml set size:undefined disposed:false
132 silly fetch manifest tinyclip@^1.0.1
133 silly packumentCache full:https://registry.npmjs.org/tinyclip cache-miss
134 http fetch GET 200 https://registry.npmjs.org/p-limit 171ms (cache miss)
135 silly packumentCache full:https://registry.npmjs.org/p-limit set size:undefined disposed:false
136 silly fetch manifest tinyexec@^1.0.4
137 silly packumentCache full:https://registry.npmjs.org/tinyexec cache-miss
138 http fetch GET 200 https://registry.npmjs.org/esbuild 330ms (cache miss)
139 silly packumentCache full:https://registry.npmjs.org/esbuild set size:undefined disposed:false
140 silly fetch manifest find-proc@0.2.0
141 silly packumentCache full:https://registry.npmjs.org/find-proc cache-miss
142 http fetch GET 200 https://registry.npmjs.org/unifont 277ms (cache miss)
143 silly packumentCache full:https://registry.npmjs.org/unifont set size:undefined disposed:false
144 silly fetch manifest piccolore@^0.1.3
145 silly packumentCache full:https://registry.npmjs.org/piccolore cache-miss
146 http fetch GET 200 https://registry.npmjs.org/magicast 278ms (cache miss)
147 silly packumentCache full:https://registry.npmjs.org/magicast set size:undefined disposed:false
148 silly fetch manifest picomatch@^4.0.4
149 silly packumentCache full:https://registry.npmjs.org/picomatch cache-miss
150 http fetch GET 200 https://registry.npmjs.org/tinyclip 242ms (cache miss)
151 silly packumentCache full:https://registry.npmjs.org/tinyclip set size:undefined disposed:false
152 silly fetch manifest smol-toml@^1.8.0
153 silly packumentCache full:https://registry.npmjs.org/smol-toml cache-miss
154 http fetch GET 200 https://registry.npmjs.org/tinyexec 208ms (cache miss)
155 silly packumentCache full:https://registry.npmjs.org/tinyexec set size:undefined disposed:false
156 silly fetch manifest ultrahtml@^1.6.0
157 silly packumentCache full:https://registry.npmjs.org/ultrahtml cache-miss
158 http fetch GET 200 https://registry.npmjs.org/p-queue 351ms (cache miss)
159 silly packumentCache full:https://registry.npmjs.org/p-queue set size:undefined disposed:false
160 silly fetch manifest unstorage@^1.17.5
161 silly packumentCache full:https://registry.npmjs.org/unstorage cache-miss
162 http fetch GET 200 https://registry.npmjs.org/find-proc 148ms (cache miss)
163 silly packumentCache full:https://registry.npmjs.org/find-proc set size:undefined disposed:false
164 silly fetch manifest aria-query@^5.3.2
165 silly packumentCache full:https://registry.npmjs.org/aria-query cache-miss
166 http fetch GET 200 https://registry.npmjs.org/piccolore 138ms (cache miss)
167 silly packumentCache full:https://registry.npmjs.org/piccolore set size:undefined disposed:false
168 silly fetch manifest tinyglobby@^0.2.15
169 silly packumentCache full:https://registry.npmjs.org/tinyglobby cache-miss
170 http fetch GET 200 https://registry.npmjs.org/picomatch 157ms (cache miss)
171 silly packumentCache full:https://registry.npmjs.org/picomatch set size:undefined disposed:false
172 silly fetch manifest am-i-vibing@^0.4.0
173 silly packumentCache full:https://registry.npmjs.org/am-i-vibing cache-miss
174 http fetch GET 200 https://registry.npmjs.org/unstorage 175ms (cache miss)
175 silly packumentCache full:https://registry.npmjs.org/unstorage set size:undefined disposed:false
176 silly fetch manifest neotraverse@^1.0.1
177 silly packumentCache full:https://registry.npmjs.org/neotraverse cache-miss
178 http fetch GET 200 https://registry.npmjs.org/aria-query 168ms (cache miss)
179 silly packumentCache full:https://registry.npmjs.org/aria-query set size:undefined disposed:false
180 silly fetch manifest xxhash-wasm@^1.1.0
181 silly packumentCache full:https://registry.npmjs.org/xxhash-wasm cache-miss
182 http fetch GET 200 https://registry.npmjs.org/tinyglobby 123ms (cache miss)
183 silly packumentCache full:https://registry.npmjs.org/tinyglobby set size:undefined disposed:false
184 silly fetch manifest get-tsconfig@5.0.0-beta.4
185 silly packumentCache full:https://registry.npmjs.org/get-tsconfig cache-miss
186 http fetch GET 200 https://registry.npmjs.org/am-i-vibing 100ms (cache miss)
187 silly packumentCache full:https://registry.npmjs.org/am-i-vibing set size:undefined disposed:false
188 silly fetch manifest html-escaper@3.0.3
189 silly packumentCache full:https://registry.npmjs.org/html-escaper cache-miss
190 http fetch GET 200 https://registry.npmjs.org/ultrahtml 285ms (cache miss)
191 silly packumentCache full:https://registry.npmjs.org/ultrahtml set size:undefined disposed:false
192 silly fetch manifest jsonc-parser@^3.3.1
193 silly packumentCache full:https://registry.npmjs.org/jsonc-parser cache-miss
194 http fetch GET 200 https://registry.npmjs.org/smol-toml 300ms (cache miss)
195 silly packumentCache full:https://registry.npmjs.org/smol-toml set size:undefined disposed:false
196 silly fetch manifest magic-string@^1.0.0
197 silly packumentCache full:https://registry.npmjs.org/magic-string cache-miss
198 http fetch GET 200 https://registry.npmjs.org/neotraverse 97ms (cache miss)
199 silly packumentCache full:https://registry.npmjs.org/neotraverse set size:undefined disposed:false
200 silly fetch manifest yargs-parser@^22.0.0
201 silly packumentCache full:https://registry.npmjs.org/yargs-parser cache-miss
202 http fetch GET 200 https://registry.npmjs.org/xxhash-wasm 93ms (cache miss)
203 silly packumentCache full:https://registry.npmjs.org/xxhash-wasm set size:undefined disposed:false
204 silly fetch manifest @clack/prompts@^1.1.0
205 silly packumentCache full:https://registry.npmjs.org/@clack%2fprompts cache-miss
206 http fetch GET 200 https://registry.npmjs.org/get-tsconfig 111ms (cache miss)
207 silly packumentCache full:https://registry.npmjs.org/get-tsconfig set size:undefined disposed:false
208 silly fetch manifest axobject-query@^4.1.0
209 silly packumentCache full:https://registry.npmjs.org/axobject-query cache-miss
210 http fetch GET 200 https://registry.npmjs.org/html-escaper 124ms (cache miss)
211 silly packumentCache full:https://registry.npmjs.org/html-escaper set size:undefined disposed:false
212 silly fetch manifest github-slugger@^2.0.0
213 silly packumentCache full:https://registry.npmjs.org/github-slugger cache-miss
214 http fetch GET 200 https://registry.npmjs.org/jsonc-parser 133ms (cache miss)
215 silly packumentCache full:https://registry.npmjs.org/jsonc-parser set size:undefined disposed:false
216 silly fetch manifest @oslojs/encoding@^1.1.0
217 silly packumentCache full:https://registry.npmjs.org/@oslojs%2fencoding cache-miss
218 http fetch GET 200 https://registry.npmjs.org/yargs-parser 154ms (cache miss)
219 silly packumentCache full:https://registry.npmjs.org/yargs-parser set size:undefined disposed:false
220 silly fetch manifest @astrojs/telemetry@3.3.3
221 silly packumentCache full:https://registry.npmjs.org/@astrojs%2ftelemetry cache-miss
222 http fetch GET 200 https://registry.npmjs.org/@clack%2fprompts 164ms (cache miss)
223 silly packumentCache full:https://registry.npmjs.org/@clack%2fprompts set size:undefined disposed:false
224 silly fetch manifest @capsizecss/unpack@^4.0.0
225 silly packumentCache full:https://registry.npmjs.org/@capsizecss%2funpack cache-miss
226 http fetch GET 200 https://registry.npmjs.org/axobject-query 153ms (cache miss)
227 silly packumentCache full:https://registry.npmjs.org/axobject-query set size:undefined disposed:false
228 silly fetch manifest @astrojs/compiler-rs@^0.5.0
229 silly packumentCache full:https://registry.npmjs.org/@astrojs%2fcompiler-rs cache-miss
230 http fetch GET 200 https://registry.npmjs.org/github-slugger 146ms (cache miss)
231 silly packumentCache full:https://registry.npmjs.org/github-slugger set size:undefined disposed:false
232 silly fetch manifest common-ancestor-path@^2.0.0
233 silly packumentCache full:https://registry.npmjs.org/common-ancestor-path cache-miss
234 http fetch GET 200 https://registry.npmjs.org/@oslojs%2fencoding 131ms (cache miss)
235 silly packumentCache full:https://registry.npmjs.org/@oslojs%2fencoding set size:undefined disposed:false
236 silly fetch manifest http-cache-semantics@^4.2.0
237 silly packumentCache full:https://registry.npmjs.org/http-cache-semantics cache-miss
238 http fetch GET 200 https://registry.npmjs.org/magic-string 326ms (cache miss)
239 silly packumentCache full:https://registry.npmjs.org/magic-string set size:undefined disposed:false
240 silly fetch manifest package-manager-detector@^1.6.0
241 silly packumentCache full:https://registry.npmjs.org/package-manager-detector cache-miss
242 http fetch GET 200 https://registry.npmjs.org/@astrojs%2fcompiler-rs 144ms (cache miss)
243 silly packumentCache full:https://registry.npmjs.org/@astrojs%2fcompiler-rs set size:undefined disposed:false
244 silly fetch manifest sharp@^0.35.4
245 silly packumentCache full:https://registry.npmjs.org/sharp cache-miss
246 http fetch GET 200 https://registry.npmjs.org/common-ancestor-path 136ms (cache miss)
247 silly packumentCache full:https://registry.npmjs.org/common-ancestor-path set size:undefined disposed:false
248 silly fetch manifest fast-xml-parser@^5.5.7
249 silly packumentCache full:https://registry.npmjs.org/fast-xml-parser cache-miss
250 http fetch GET 200 https://registry.npmjs.org/@capsizecss%2funpack 186ms (cache miss)
251 silly packumentCache full:https://registry.npmjs.org/@capsizecss%2funpack set size:undefined disposed:false
252 silly fetch manifest zod@^4.3.6
253 silly packumentCache full:https://registry.npmjs.org/zod cache-miss
254 http cache https://registry.npmjs.org/zod 26ms (cache hit)
255 silly packumentCache full:https://registry.npmjs.org/zod set size:4166672 disposed:false
256 silly fetch manifest sitemap@^9.0.0
257 silly packumentCache full:https://registry.npmjs.org/sitemap cache-miss
258 http fetch GET 200 https://registry.npmjs.org/http-cache-semantics 227ms (cache miss)
259 silly packumentCache full:https://registry.npmjs.org/http-cache-semantics set size:undefined disposed:false
260 silly fetch manifest @typescript/typescript-aix-ppc64@7.0.2
261 silly packumentCache full:https://registry.npmjs.org/@typescript%2ftypescript-aix-ppc64 cache-miss
262 http fetch GET 200 https://registry.npmjs.org/package-manager-detector 165ms (cache miss)
263 silly packumentCache full:https://registry.npmjs.org/package-manager-detector set size:undefined disposed:false
264 silly fetch manifest @typescript/typescript-linux-arm@7.0.2
265 silly packumentCache full:https://registry.npmjs.org/@typescript%2ftypescript-linux-arm cache-miss
266 http fetch GET 200 https://registry.npmjs.org/@astrojs%2ftelemetry 344ms (cache miss)
267 silly packumentCache full:https://registry.npmjs.org/@astrojs%2ftelemetry set size:undefined disposed:false
268 silly fetch manifest @typescript/typescript-linux-x64@7.0.2
269 silly packumentCache full:https://registry.npmjs.org/@typescript%2ftypescript-linux-x64 cache-miss
270 http fetch GET 200 https://registry.npmjs.org/sitemap 201ms (cache miss)
271 silly packumentCache full:https://registry.npmjs.org/sitemap set size:undefined disposed:false
272 silly fetch manifest @typescript/typescript-sunos-x64@7.0.2
273 silly packumentCache full:https://registry.npmjs.org/@typescript%2ftypescript-sunos-x64 cache-miss
274 http fetch GET 200 https://registry.npmjs.org/sharp 317ms (cache miss)
275 silly packumentCache full:https://registry.npmjs.org/sharp set size:undefined disposed:false
276 silly fetch manifest @typescript/typescript-win32-x64@7.0.2
277 silly packumentCache full:https://registry.npmjs.org/@typescript%2ftypescript-win32-x64 cache-miss
278 http fetch GET 200 https://registry.npmjs.org/fast-xml-parser 354ms (cache miss)
279 silly packumentCache full:https://registry.npmjs.org/fast-xml-parser set size:undefined disposed:false
280 silly fetch manifest @typescript/typescript-darwin-x64@7.0.2
281 silly packumentCache full:https://registry.npmjs.org/@typescript%2ftypescript-darwin-x64 cache-miss
282 http fetch GET 200 https://registry.npmjs.org/@typescript%2ftypescript-sunos-x64 144ms (cache miss)
283 silly packumentCache full:https://registry.npmjs.org/@typescript%2ftypescript-sunos-x64 set size:undefined disposed:false
284 silly fetch manifest @typescript/typescript-netbsd-x64@7.0.2
285 silly packumentCache full:https://registry.npmjs.org/@typescript%2ftypescript-netbsd-x64 cache-miss
286 http fetch GET 200 https://registry.npmjs.org/@typescript%2ftypescript-aix-ppc64 319ms (cache miss)
287 silly packumentCache full:https://registry.npmjs.org/@typescript%2ftypescript-aix-ppc64 set size:undefined disposed:false
288 silly fetch manifest @typescript/typescript-freebsd-x64@7.0.2
289 silly packumentCache full:https://registry.npmjs.org/@typescript%2ftypescript-freebsd-x64 cache-miss
290 http fetch GET 200 https://registry.npmjs.org/@typescript%2ftypescript-linux-x64 308ms (cache miss)
291 silly packumentCache full:https://registry.npmjs.org/@typescript%2ftypescript-linux-x64 set size:undefined disposed:false
292 silly fetch manifest @typescript/typescript-linux-arm64@7.0.2
293 silly packumentCache full:https://registry.npmjs.org/@typescript%2ftypescript-linux-arm64 cache-miss
294 http fetch GET 200 https://registry.npmjs.org/@typescript%2ftypescript-darwin-x64 150ms (cache miss)
295 silly packumentCache full:https://registry.npmjs.org/@typescript%2ftypescript-darwin-x64 set size:undefined disposed:false
296 silly fetch manifest @typescript/typescript-linux-ppc64@7.0.2
297 silly packumentCache full:https://registry.npmjs.org/@typescript%2ftypescript-linux-ppc64 cache-miss
298 http fetch GET 200 https://registry.npmjs.org/@typescript%2ftypescript-netbsd-x64 117ms (cache miss)
299 silly packumentCache full:https://registry.npmjs.org/@typescript%2ftypescript-netbsd-x64 set size:undefined disposed:false
300 silly fetch manifest @typescript/typescript-linux-s390x@7.0.2
301 silly packumentCache full:https://registry.npmjs.org/@typescript%2ftypescript-linux-s390x cache-miss
302 http fetch GET 200 https://registry.npmjs.org/@typescript%2ftypescript-linux-arm64 120ms (cache miss)
303 silly packumentCache full:https://registry.npmjs.org/@typescript%2ftypescript-linux-arm64 set size:undefined disposed:false
304 silly fetch manifest @typescript/typescript-openbsd-x64@7.0.2
305 silly packumentCache full:https://registry.npmjs.org/@typescript%2ftypescript-openbsd-x64 cache-miss
306 http fetch GET 200 https://registry.npmjs.org/@typescript%2ftypescript-linux-arm 492ms (cache miss)
307 silly packumentCache full:https://registry.npmjs.org/@typescript%2ftypescript-linux-arm set size:undefined disposed:false
308 silly fetch manifest @typescript/typescript-win32-arm64@7.0.2
309 silly packumentCache full:https://registry.npmjs.org/@typescript%2ftypescript-win32-arm64 cache-miss
310 http fetch GET 200 https://registry.npmjs.org/@typescript%2ftypescript-win32-x64 334ms (cache miss)
311 silly packumentCache full:https://registry.npmjs.org/@typescript%2ftypescript-win32-x64 set size:undefined disposed:false
312 silly fetch manifest @typescript/typescript-darwin-arm64@7.0.2
313 silly packumentCache full:https://registry.npmjs.org/@typescript%2ftypescript-darwin-arm64 cache-miss
314 http fetch GET 200 https://registry.npmjs.org/@typescript%2ftypescript-linux-ppc64 150ms (cache miss)
315 silly packumentCache full:https://registry.npmjs.org/@typescript%2ftypescript-linux-ppc64 set size:undefined disposed:false
316 silly fetch manifest @typescript/typescript-netbsd-arm64@7.0.2
317 silly packumentCache full:https://registry.npmjs.org/@typescript%2ftypescript-netbsd-arm64 cache-miss
318 http fetch GET 200 https://registry.npmjs.org/@typescript%2ftypescript-linux-s390x 116ms (cache miss)
319 silly packumentCache full:https://registry.npmjs.org/@typescript%2ftypescript-linux-s390x set size:undefined disposed:false
320 silly fetch manifest @typescript/typescript-freebsd-arm64@7.0.2
321 silly packumentCache full:https://registry.npmjs.org/@typescript%2ftypescript-freebsd-arm64 cache-miss
322 http fetch GET 200 https://registry.npmjs.org/@typescript%2ftypescript-openbsd-x64 95ms (cache miss)
323 silly packumentCache full:https://registry.npmjs.org/@typescript%2ftypescript-openbsd-x64 set size:undefined disposed:false
324 silly fetch manifest @typescript/typescript-linux-loong64@7.0.2
325 silly packumentCache full:https://registry.npmjs.org/@typescript%2ftypescript-linux-loong64 cache-miss
326 http fetch GET 200 https://registry.npmjs.org/@typescript%2ftypescript-freebsd-x64 270ms (cache miss)
327 silly packumentCache full:https://registry.npmjs.org/@typescript%2ftypescript-freebsd-x64 set size:undefined disposed:false
328 silly fetch manifest @typescript/typescript-linux-riscv64@7.0.2
329 silly packumentCache full:https://registry.npmjs.org/@typescript%2ftypescript-linux-riscv64 cache-miss
330 http fetch GET 200 https://registry.npmjs.org/@typescript%2ftypescript-darwin-arm64 96ms (cache miss)
331 silly packumentCache full:https://registry.npmjs.org/@typescript%2ftypescript-darwin-arm64 set size:undefined disposed:false
332 silly fetch manifest @typescript/typescript-openbsd-arm64@7.0.2
333 silly packumentCache full:https://registry.npmjs.org/@typescript%2ftypescript-openbsd-arm64 cache-miss
334 http fetch GET 200 https://registry.npmjs.org/@typescript%2ftypescript-win32-arm64 153ms (cache miss)
335 silly packumentCache full:https://registry.npmjs.org/@typescript%2ftypescript-win32-arm64 set size:undefined disposed:false
336 silly fetch manifest @typescript/typescript-linux-mips64el@7.0.2
337 silly packumentCache full:https://registry.npmjs.org/@typescript%2ftypescript-linux-mips64el cache-miss
338 http fetch GET 200 https://registry.npmjs.org/@typescript%2ftypescript-linux-loong64 110ms (cache miss)
339 silly packumentCache full:https://registry.npmjs.org/@typescript%2ftypescript-linux-loong64 set size:undefined disposed:false
340 http fetch GET 200 https://registry.npmjs.org/@typescript%2ftypescript-freebsd-arm64 136ms (cache miss)
341 silly packumentCache full:https://registry.npmjs.org/@typescript%2ftypescript-freebsd-arm64 set size:undefined disposed:false
342 http fetch GET 200 https://registry.npmjs.org/@typescript%2ftypescript-linux-riscv64 98ms (cache miss)
343 silly packumentCache full:https://registry.npmjs.org/@typescript%2ftypescript-linux-riscv64 set size:undefined disposed:false
344 http fetch GET 200 https://registry.npmjs.org/@typescript%2ftypescript-openbsd-arm64 101ms (cache miss)
345 silly packumentCache full:https://registry.npmjs.org/@typescript%2ftypescript-openbsd-arm64 set size:undefined disposed:false
346 http fetch GET 200 https://registry.npmjs.org/@typescript%2ftypescript-linux-mips64el 104ms (cache miss)
347 silly packumentCache full:https://registry.npmjs.org/@typescript%2ftypescript-linux-mips64el set size:undefined disposed:false
348 http fetch GET 200 https://registry.npmjs.org/@typescript%2ftypescript-netbsd-arm64 301ms (cache miss)
349 silly packumentCache full:https://registry.npmjs.org/@typescript%2ftypescript-netbsd-arm64 set size:undefined disposed:false
350 http fetch GET 200 https://registry.npmjs.org/vite 2820ms (cache miss)
351 silly packumentCache full:https://registry.npmjs.org/vite set size:undefined disposed:false
352 silly placeDep ROOT @astrojs/internal-helpers@0.11.0 OK for: @astrojs/mdx@8.0.2 want: 0.11.0
353 silly placeDep ROOT @astrojs/markdown-satteri@0.4.2 OK for: @astrojs/mdx@8.0.2 want: 0.4.2
354 silly placeDep ROOT es-module-lexer@2.3.2 OK for: @astrojs/mdx@8.0.2 want: ^2.0.0
355 silly fetch manifest js-yaml@^4.3.0
356 silly packumentCache full:https://registry.npmjs.org/js-yaml cache-miss
357 silly fetch manifest unified@^11.0.5
358 silly packumentCache full:https://registry.npmjs.org/unified cache-miss
359 silly fetch manifest smol-toml@^1.6.0
360 silly packumentCache full:https://registry.npmjs.org/smol-toml cache-miss
361 silly fetch manifest @types/hast@^3.0.4
362 silly packumentCache full:https://registry.npmjs.org/@types%2fhast cache-miss
363 silly fetch manifest @types/mdast@^4.0.4
364 silly packumentCache full:https://registry.npmjs.org/@types%2fmdast cache-miss
365 silly fetch manifest retext-smartypants@^6.2.0
366 silly packumentCache full:https://registry.npmjs.org/retext-smartypants cache-miss
367 silly fetch manifest satteri@^0.10.3
368 silly packumentCache full:https://registry.npmjs.org/satteri cache-miss
369 http cache https://registry.npmjs.org/js-yaml 16ms (cache hit)
370 silly packumentCache full:https://registry.npmjs.org/js-yaml set size:198692 disposed:false
371 silly fetch manifest @astrojs/prism@4.0.2
372 silly packumentCache full:https://registry.npmjs.org/@astrojs%2fprism cache-miss
373 http cache https://registry.npmjs.org/smol-toml 21ms (cache hit)
374 silly packumentCache full:https://registry.npmjs.org/smol-toml set size:104544 disposed:false
375 http fetch GET 200 https://registry.npmjs.org/@types%2fhast 82ms (cache miss)
376 silly packumentCache full:https://registry.npmjs.org/@types%2fhast set size:undefined disposed:false
377 http fetch GET 200 https://registry.npmjs.org/retext-smartypants 96ms (cache miss)
378 silly packumentCache full:https://registry.npmjs.org/retext-smartypants set size:undefined disposed:false
379 http fetch GET 200 https://registry.npmjs.org/@types%2fmdast 110ms (cache miss)
380 silly packumentCache full:https://registry.npmjs.org/@types%2fmdast set size:undefined disposed:false
381 http fetch GET 200 https://registry.npmjs.org/unified 130ms (cache miss)
382 silly packumentCache full:https://registry.npmjs.org/unified set size:undefined disposed:false
383 http fetch GET 200 https://registry.npmjs.org/satteri 135ms (cache miss)
384 silly packumentCache full:https://registry.npmjs.org/satteri set size:undefined disposed:false
385 http fetch GET 200 https://registry.npmjs.org/@astrojs%2fprism 125ms (cache miss)
386 silly packumentCache full:https://registry.npmjs.org/@astrojs%2fprism set size:undefined disposed:false
387 silly placeDep ROOT @types/hast@3.0.5 OK for: @astrojs/internal-helpers@0.11.0 want: ^3.0.4
388 silly placeDep ROOT @types/mdast@4.0.4 OK for: @astrojs/internal-helpers@0.11.0 want: ^4.0.4
389 silly placeDep ROOT js-yaml@4.3.2 OK for: @astrojs/internal-helpers@0.11.0 want: ^4.3.0
390 silly placeDep ROOT picomatch@4.0.7 OK for: @astrojs/internal-helpers@0.11.0 want: ^4.0.4
391 silly placeDep ROOT retext-smartypants@6.2.0 OK for: @astrojs/internal-helpers@0.11.0 want: ^6.2.0
392 silly placeDep ROOT shiki@4.4.3 OK for: @astrojs/internal-helpers@0.11.0 want: ^4.0.2
393 silly placeDep ROOT smol-toml@1.9.0 OK for: @astrojs/internal-helpers@0.11.0 want: ^1.6.0
394 silly placeDep ROOT unified@11.0.5 OK for: @astrojs/internal-helpers@0.11.0 want: ^11.0.5
395 silly fetch manifest @types/unist@*
396 silly packumentCache full:https://registry.npmjs.org/@types%2funist cache-miss
397 silly fetch manifest @types/unist@*
398 silly packumentCache full:https://registry.npmjs.org/@types%2funist cache-miss
399 silly fetch manifest argparse@^2.0.1
400 silly packumentCache full:https://registry.npmjs.org/argparse cache-miss
401 silly fetch manifest @types/nlcst@^2.0.0
402 silly packumentCache full:https://registry.npmjs.org/@types%2fnlcst cache-miss
403 silly fetch manifest nlcst-to-string@^4.0.0
404 silly packumentCache full:https://registry.npmjs.org/nlcst-to-string cache-miss
405 silly fetch manifest unist-util-visit@^5.0.0
406 silly packumentCache full:https://registry.npmjs.org/unist-util-visit cache-miss
407 silly fetch manifest @shikijs/core@4.4.3
408 silly packumentCache full:https://registry.npmjs.org/@shikijs%2fcore cache-miss
409 http fetch GET 200 https://registry.npmjs.org/argparse 81ms (cache miss)
410 silly packumentCache full:https://registry.npmjs.org/argparse set size:undefined disposed:false
411 silly fetch manifest @shikijs/langs@4.4.3
412 silly packumentCache full:https://registry.npmjs.org/@shikijs%2flangs cache-miss
413 http fetch GET 200 https://registry.npmjs.org/nlcst-to-string 87ms (cache miss)
414 silly packumentCache full:https://registry.npmjs.org/nlcst-to-string set size:undefined disposed:false
415 silly fetch manifest @shikijs/types@4.4.3
416 silly packumentCache full:https://registry.npmjs.org/@shikijs%2ftypes cache-miss
417 http fetch GET 200 https://registry.npmjs.org/unist-util-visit 100ms (cache miss)
418 silly packumentCache full:https://registry.npmjs.org/unist-util-visit set size:undefined disposed:false
419 silly fetch manifest @shikijs/themes@4.4.3
420 silly packumentCache full:https://registry.npmjs.org/@shikijs%2fthemes cache-miss
421 http fetch GET 200 https://registry.npmjs.org/@shikijs%2fcore 171ms (cache miss)
422 silly packumentCache full:https://registry.npmjs.org/@shikijs%2fcore set size:undefined disposed:false
423 silly fetch manifest @shikijs/vscode-textmate@^10.0.2
424 silly packumentCache full:https://registry.npmjs.org/@shikijs%2fvscode-textmate cache-miss
425 http fetch GET 200 https://registry.npmjs.org/@shikijs%2fthemes 110ms (cache miss)
426 silly packumentCache full:https://registry.npmjs.org/@shikijs%2fthemes set size:undefined disposed:false
427 silly fetch manifest @shikijs/engine-oniguruma@4.4.3
428 silly packumentCache full:https://registry.npmjs.org/@shikijs%2fengine-oniguruma cache-miss
429 http fetch GET 200 https://registry.npmjs.org/@shikijs%2flangs 150ms (cache miss)
430 silly packumentCache full:https://registry.npmjs.org/@shikijs%2flangs set size:undefined disposed:false
431 silly fetch manifest @shikijs/engine-javascript@4.4.3
432 silly packumentCache full:https://registry.npmjs.org/@shikijs%2fengine-javascript cache-miss
433 http fetch GET 200 https://registry.npmjs.org/@types%2funist 258ms (cache miss)
434 silly packumentCache full:https://registry.npmjs.org/@types%2funist set size:undefined disposed:false
435 silly fetch manifest @types/unist@^3.0.0
436 silly packumentCache full:https://registry.npmjs.org/@types%2funist cache-miss
437 http fetch GET 200 https://registry.npmjs.org/@types%2funist 261ms (cache miss)
438 silly packumentCache full:https://registry.npmjs.org/@types%2funist set size:undefined disposed:false
439 silly fetch manifest bail@^2.0.0
440 silly packumentCache full:https://registry.npmjs.org/bail cache-miss
441 http fetch GET 200 https://registry.npmjs.org/@types%2fnlcst 262ms (cache miss)
442 silly packumentCache full:https://registry.npmjs.org/@types%2fnlcst set size:undefined disposed:false
443 silly fetch manifest devlop@^1.0.0
444 silly packumentCache full:https://registry.npmjs.org/devlop cache-miss
445 http cache https://registry.npmjs.org/@types%2funist 10ms (cache hit)
446 silly packumentCache full:https://registry.npmjs.org/@types%2funist set size:39215 disposed:false
447 silly fetch manifest extend@^3.0.0
448 silly packumentCache full:https://registry.npmjs.org/extend cache-miss
449 http fetch GET 200 https://registry.npmjs.org/@shikijs%2fvscode-textmate 132ms (cache miss)
450 silly packumentCache full:https://registry.npmjs.org/@shikijs%2fvscode-textmate set size:undefined disposed:false
451 silly fetch manifest is-plain-obj@^4.0.0
452 silly packumentCache full:https://registry.npmjs.org/is-plain-obj cache-miss
453 http fetch GET 200 https://registry.npmjs.org/devlop 71ms (cache miss)
454 silly packumentCache full:https://registry.npmjs.org/devlop set size:undefined disposed:false
455 silly fetch manifest trough@^2.0.0
456 silly packumentCache full:https://registry.npmjs.org/trough cache-miss
457 http fetch GET 200 https://registry.npmjs.org/extend 70ms (cache miss)
458 silly packumentCache full:https://registry.npmjs.org/extend set size:undefined disposed:false
459 silly fetch manifest vfile@^6.0.0
460 silly packumentCache full:https://registry.npmjs.org/vfile cache-miss
461 http fetch GET 200 https://registry.npmjs.org/@shikijs%2ftypes 270ms (cache miss)
462 silly packumentCache full:https://registry.npmjs.org/@shikijs%2ftypes set size:undefined disposed:false
463 http fetch GET 200 https://registry.npmjs.org/@shikijs%2fengine-oniguruma 160ms (cache miss)
464 silly packumentCache full:https://registry.npmjs.org/@shikijs%2fengine-oniguruma set size:undefined disposed:false
465 http fetch GET 200 https://registry.npmjs.org/@shikijs%2fengine-javascript 167ms (cache miss)
466 silly packumentCache full:https://registry.npmjs.org/@shikijs%2fengine-javascript set size:undefined disposed:false
467 http fetch GET 200 https://registry.npmjs.org/is-plain-obj 101ms (cache miss)
468 silly packumentCache full:https://registry.npmjs.org/is-plain-obj set size:undefined disposed:false
469 http fetch GET 200 https://registry.npmjs.org/trough 88ms (cache miss)
470 silly packumentCache full:https://registry.npmjs.org/trough set size:undefined disposed:false
471 http fetch GET 200 https://registry.npmjs.org/vfile 96ms (cache miss)
472 silly packumentCache full:https://registry.npmjs.org/vfile set size:undefined disposed:false
473 http fetch GET 200 https://registry.npmjs.org/bail 240ms (cache miss)
474 silly packumentCache full:https://registry.npmjs.org/bail set size:undefined disposed:false
475 silly placeDep ROOT @astrojs/prism@4.0.2 OK for: @astrojs/markdown-satteri@0.4.2 want: 4.0.2
476 silly placeDep ROOT github-slugger@2.0.0 OK for: @astrojs/markdown-satteri@0.4.2 want: ^2.0.0
477 silly placeDep ROOT satteri@0.10.5 OK for: @astrojs/markdown-satteri@0.4.2 want: ^0.10.3
478 silly fetch manifest prismjs@^1.30.0
479 silly packumentCache full:https://registry.npmjs.org/prismjs cache-miss
480 silly fetch manifest @types/unist@^3.0.3
481 silly packumentCache full:https://registry.npmjs.org/@types%2funist cache-hit
482 silly fetch manifest @types/estree-jsx@^1.0.5
483 silly packumentCache full:https://registry.npmjs.org/@types%2festree-jsx cache-miss
484 silly fetch manifest @bruits/satteri-darwin-x64@0.10.5
485 silly packumentCache full:https://registry.npmjs.org/@bruits%2fsatteri-darwin-x64 cache-miss
486 silly fetch manifest @bruits/satteri-wasm32-wasi@0.10.5
487 silly packumentCache full:https://registry.npmjs.org/@bruits%2fsatteri-wasm32-wasi cache-miss
488 silly fetch manifest @bruits/satteri-darwin-arm64@0.10.5
489 silly packumentCache full:https://registry.npmjs.org/@bruits%2fsatteri-darwin-arm64 cache-miss
490 silly fetch manifest @bruits/satteri-linux-x64-gnu@0.10.5
491 silly packumentCache full:https://registry.npmjs.org/@bruits%2fsatteri-linux-x64-gnu cache-miss
492 silly fetch manifest @bruits/satteri-linux-x64-musl@0.10.5
493 silly packumentCache full:https://registry.npmjs.org/@bruits%2fsatteri-linux-x64-musl cache-miss
494 http fetch GET 200 https://registry.npmjs.org/prismjs 75ms (cache miss)
495 silly packumentCache full:https://registry.npmjs.org/prismjs set size:undefined disposed:false
496 silly fetch manifest @bruits/satteri-win32-x64-msvc@0.10.5
497 silly packumentCache full:https://registry.npmjs.org/@bruits%2fsatteri-win32-x64-msvc cache-miss
498 http fetch GET 200 https://registry.npmjs.org/@bruits%2fsatteri-wasm32-wasi 125ms (cache miss)
499 silly packumentCache full:https://registry.npmjs.org/@bruits%2fsatteri-wasm32-wasi set size:undefined disposed:false
500 silly fetch manifest @bruits/satteri-linux-arm64-gnu@0.10.5
501 silly packumentCache full:https://registry.npmjs.org/@bruits%2fsatteri-linux-arm64-gnu cache-miss
502 http fetch GET 200 https://registry.npmjs.org/@bruits%2fsatteri-linux-x64-musl 128ms (cache miss)
503 silly packumentCache full:https://registry.npmjs.org/@bruits%2fsatteri-linux-x64-musl set size:undefined disposed:false
504 silly fetch manifest @bruits/satteri-linux-arm64-musl@0.10.5
505 silly packumentCache full:https://registry.npmjs.org/@bruits%2fsatteri-linux-arm64-musl cache-miss
506 http fetch GET 200 https://registry.npmjs.org/@bruits%2fsatteri-darwin-arm64 134ms (cache miss)
507 silly packumentCache full:https://registry.npmjs.org/@bruits%2fsatteri-darwin-arm64 set size:undefined disposed:false
508 silly fetch manifest @bruits/satteri-win32-arm64-msvc@0.10.5
509 silly packumentCache full:https://registry.npmjs.org/@bruits%2fsatteri-win32-arm64-msvc cache-miss
510 http fetch GET 200 https://registry.npmjs.org/@bruits%2fsatteri-linux-x64-gnu 135ms (cache miss)
511 silly packumentCache full:https://registry.npmjs.org/@bruits%2fsatteri-linux-x64-gnu set size:undefined disposed:false
512 http fetch GET 200 https://registry.npmjs.org/@bruits%2fsatteri-win32-x64-msvc 90ms (cache miss)
513 silly packumentCache full:https://registry.npmjs.org/@bruits%2fsatteri-win32-x64-msvc set size:undefined disposed:false
514 http fetch GET 200 https://registry.npmjs.org/@bruits%2fsatteri-win32-arm64-msvc 132ms (cache miss)
515 silly packumentCache full:https://registry.npmjs.org/@bruits%2fsatteri-win32-arm64-msvc set size:undefined disposed:false
516 http fetch GET 200 https://registry.npmjs.org/@bruits%2fsatteri-linux-arm64-musl 160ms (cache miss)
517 silly packumentCache full:https://registry.npmjs.org/@bruits%2fsatteri-linux-arm64-musl set size:undefined disposed:false
518 http fetch GET 200 https://registry.npmjs.org/@bruits%2fsatteri-linux-arm64-gnu 175ms (cache miss)
519 silly packumentCache full:https://registry.npmjs.org/@bruits%2fsatteri-linux-arm64-gnu set size:undefined disposed:false
520 http fetch GET 200 https://registry.npmjs.org/@types%2festree-jsx 335ms (cache miss)
521 silly packumentCache full:https://registry.npmjs.org/@types%2festree-jsx set size:undefined disposed:false
522 http fetch GET 200 https://registry.npmjs.org/@bruits%2fsatteri-darwin-x64 350ms (cache miss)
523 silly packumentCache full:https://registry.npmjs.org/@bruits%2fsatteri-darwin-x64 set size:undefined disposed:false
524 silly placeDep ROOT prismjs@1.30.0 OK for: @astrojs/prism@4.0.2 want: ^1.30.0
525 silly placeDep ROOT fast-xml-parser@5.11.1 OK for: @astrojs/rss@4.0.19 want: ^5.5.7
526 silly placeDep ROOT piccolore@0.1.3 OK for: @astrojs/rss@4.0.19 want: ^0.1.3
527 silly placeDep ROOT zod@4.6.5 OK for: @astrojs/rss@4.0.19 want: ^4.3.6
528 silly fetch manifest strnum@^2.4.2
529 silly packumentCache full:https://registry.npmjs.org/strnum cache-miss
530 silly fetch manifest is-unsafe@^2.0.0
531 silly packumentCache full:https://registry.npmjs.org/is-unsafe cache-miss
532 silly fetch manifest xml-naming@^0.3.0
533 silly packumentCache full:https://registry.npmjs.org/xml-naming cache-miss
534 silly fetch manifest fast-xml-builder@^1.2.0
535 silly packumentCache full:https://registry.npmjs.org/fast-xml-builder cache-miss
536 silly fetch manifest @nodable/entities@^3.0.0
537 silly packumentCache full:https://registry.npmjs.org/@nodable%2fentities cache-miss
538 silly fetch manifest path-expression-matcher@^1.6.2
539 silly packumentCache full:https://registry.npmjs.org/path-expression-matcher cache-miss
540 http fetch GET 200 https://registry.npmjs.org/is-unsafe 68ms (cache miss)
541 silly packumentCache full:https://registry.npmjs.org/is-unsafe set size:undefined disposed:false
542 http fetch GET 200 https://registry.npmjs.org/strnum 80ms (cache miss)
543 silly packumentCache full:https://registry.npmjs.org/strnum set size:undefined disposed:false
544 http fetch GET 200 https://registry.npmjs.org/xml-naming 81ms (cache miss)
545 silly packumentCache full:https://registry.npmjs.org/xml-naming set size:undefined disposed:false
546 http fetch GET 200 https://registry.npmjs.org/fast-xml-builder 82ms (cache miss)
547 silly packumentCache full:https://registry.npmjs.org/fast-xml-builder set size:undefined disposed:false
548 http fetch GET 200 https://registry.npmjs.org/@nodable%2fentities 86ms (cache miss)
549 silly packumentCache full:https://registry.npmjs.org/@nodable%2fentities set size:undefined disposed:false
550 http fetch GET 200 https://registry.npmjs.org/path-expression-matcher 99ms (cache miss)
551 silly packumentCache full:https://registry.npmjs.org/path-expression-matcher set size:undefined disposed:false
552 silly placeDep ROOT sitemap@9.0.1 OK for: @astrojs/sitemap@3.7.4 want: ^9.0.0
553 silly fetch manifest arg@^5.0.0
554 silly packumentCache full:https://registry.npmjs.org/arg cache-miss
555 silly fetch manifest sax@^1.4.1
556 silly packumentCache full:https://registry.npmjs.org/sax cache-miss
557 silly fetch manifest @types/sax@^1.2.1
558 silly packumentCache full:https://registry.npmjs.org/@types%2fsax cache-miss
559 silly fetch manifest @types/node@^24.9.2
560 silly packumentCache full:https://registry.npmjs.org/@types%2fnode cache-miss
561 http fetch GET 200 https://registry.npmjs.org/sax 114ms (cache miss)
562 silly packumentCache full:https://registry.npmjs.org/sax set size:undefined disposed:false
563 http fetch GET 200 https://registry.npmjs.org/@types%2fsax 134ms (cache miss)
564 silly packumentCache full:https://registry.npmjs.org/@types%2fsax set size:undefined disposed:false
565 http fetch GET 200 https://registry.npmjs.org/arg 152ms (cache miss)
566 silly packumentCache full:https://registry.npmjs.org/arg set size:undefined disposed:false
567 http fetch GET 200 https://registry.npmjs.org/@types%2fnode 904ms (cache miss)
568 silly packumentCache full:https://registry.npmjs.org/@types%2fnode set size:undefined disposed:false
569 silly placeDep ROOT @types/unist@3.0.3 OK for: @types/hast@3.0.5 want: *
570 silly fetch manifest @types/node@^20.19.0 || >=22.12.0
571 silly packumentCache full:https://registry.npmjs.org/@types%2fnode cache-miss
572 http cache https://registry.npmjs.org/@types%2fnode 42ms (cache hit)
573 silly packumentCache full:https://registry.npmjs.org/@types%2fnode set size:11150508 disposed:false
574 silly fetch manifest @vitejs/devtools@^0.7.1
575 silly packumentCache full:https://registry.npmjs.org/@vitejs%2fdevtools cache-miss
576 http fetch GET 200 https://registry.npmjs.org/@vitejs%2fdevtools 121ms (cache miss)
577 silly packumentCache full:https://registry.npmjs.org/@vitejs%2fdevtools set size:undefined disposed:false
578 silly fetch manifest @vitejs/devtools-oxc@^0.7.5
579 silly packumentCache full:https://registry.npmjs.org/@vitejs%2fdevtools-oxc cache-miss
580 http fetch GET 200 https://registry.npmjs.org/@vitejs%2fdevtools-oxc 86ms (cache miss)
581 silly packumentCache full:https://registry.npmjs.org/@vitejs%2fdevtools-oxc set size:undefined disposed:false
582 silly fetch manifest @vitejs/devtools-rolldown@^0.7.5
583 silly packumentCache full:https://registry.npmjs.org/@vitejs%2fdevtools-rolldown cache-miss
584 http fetch GET 200 https://registry.npmjs.org/@vitejs%2fdevtools-rolldown 178ms (cache miss)
585 silly packumentCache full:https://registry.npmjs.org/@vitejs%2fdevtools-rolldown set size:undefined disposed:false
586 silly fetch manifest @vitejs/devtools-vite@^0.7.5
587 silly packumentCache full:https://registry.npmjs.org/@vitejs%2fdevtools-vite cache-miss
588 http fetch GET 200 https://registry.npmjs.org/@vitejs%2fdevtools-vite 84ms (cache miss)
589 silly packumentCache full:https://registry.npmjs.org/@vitejs%2fdevtools-vite set size:undefined disposed:false
590 silly fetch manifest @vitejs/devtools-vitest@^0.7.5
591 silly packumentCache full:https://registry.npmjs.org/@vitejs%2fdevtools-vitest cache-miss
592 http fetch GET 200 https://registry.npmjs.org/@vitejs%2fdevtools-vitest 91ms (cache miss)
593 silly packumentCache full:https://registry.npmjs.org/@vitejs%2fdevtools-vitest set size:undefined disposed:false
594 silly fetch manifest vitest@*
595 silly packumentCache full:https://registry.npmjs.org/vitest cache-miss
596 http fetch GET 200 https://registry.npmjs.org/vitest 252ms (cache miss)
597 silly packumentCache full:https://registry.npmjs.org/vitest set size:undefined disposed:false
598 silly fetch manifest @edge-runtime/vm@*
599 silly packumentCache full:https://registry.npmjs.org/@edge-runtime%2fvm cache-miss
600 http fetch GET 200 https://registry.npmjs.org/@edge-runtime%2fvm 131ms (cache miss)
601 silly packumentCache full:https://registry.npmjs.org/@edge-runtime%2fvm set size:undefined disposed:false
602 silly fetch manifest @opentelemetry/api@^1.9.0
603 silly packumentCache full:https://registry.npmjs.org/@opentelemetry%2fapi cache-miss
604 http fetch GET 200 https://registry.npmjs.org/@opentelemetry%2fapi 110ms (cache miss)
605 silly packumentCache full:https://registry.npmjs.org/@opentelemetry%2fapi set size:undefined disposed:false
606 silly fetch manifest @vitest/browser-playwright@5.0.1
607 silly packumentCache full:https://registry.npmjs.org/@vitest%2fbrowser-playwright cache-miss
608 http fetch GET 200 https://registry.npmjs.org/@vitest%2fbrowser-playwright 92ms (cache miss)
609 silly packumentCache full:https://registry.npmjs.org/@vitest%2fbrowser-playwright set size:undefined disposed:false
610 silly fetch manifest playwright@*
611 silly packumentCache full:https://registry.npmjs.org/playwright cache-miss
612 http fetch GET 200 https://registry.npmjs.org/playwright 1359ms (cache miss)
613 silly packumentCache full:https://registry.npmjs.org/playwright set size:undefined disposed:false
614 silly fetch manifest @vitest/browser-preview@5.0.1
615 silly packumentCache full:https://registry.npmjs.org/@vitest%2fbrowser-preview cache-miss
616 http fetch GET 200 https://registry.npmjs.org/@vitest%2fbrowser-preview 91ms (cache miss)
617 silly packumentCache full:https://registry.npmjs.org/@vitest%2fbrowser-preview set size:undefined disposed:false
618 silly fetch manifest @vitest/browser-webdriverio@^5.0.0-beta.5 || >=5.0.0
619 silly packumentCache full:https://registry.npmjs.org/@vitest%2fbrowser-webdriverio cache-miss
620 http fetch GET 200 https://registry.npmjs.org/@vitest%2fbrowser-webdriverio 88ms (cache miss)
621 silly packumentCache full:https://registry.npmjs.org/@vitest%2fbrowser-webdriverio set size:undefined disposed:false
622 silly fetch manifest webdriverio@*
623 silly packumentCache full:https://registry.npmjs.org/webdriverio cache-miss
624 http fetch GET 200 https://registry.npmjs.org/webdriverio 316ms (cache miss)
625 silly packumentCache full:https://registry.npmjs.org/webdriverio set size:undefined disposed:false
626 silly fetch manifest puppeteer-core@>=22.x <=24.x
627 silly packumentCache full:https://registry.npmjs.org/puppeteer-core cache-miss
628 http fetch GET 200 https://registry.npmjs.org/puppeteer-core 158ms (cache miss)
629 silly packumentCache full:https://registry.npmjs.org/puppeteer-core set size:undefined disposed:false
630 silly fetch manifest @vitest/coverage-istanbul@5.0.1
631 silly packumentCache full:https://registry.npmjs.org/@vitest%2fcoverage-istanbul cache-miss
632 http fetch GET 200 https://registry.npmjs.org/@vitest%2fcoverage-istanbul 159ms (cache miss)
633 silly packumentCache full:https://registry.npmjs.org/@vitest%2fcoverage-istanbul set size:undefined disposed:false
634 silly fetch manifest @vitest/coverage-v8@5.0.1
635 silly packumentCache full:https://registry.npmjs.org/@vitest%2fcoverage-v8 cache-miss
636 http fetch GET 200 https://registry.npmjs.org/@vitest%2fcoverage-v8 113ms (cache miss)
637 silly packumentCache full:https://registry.npmjs.org/@vitest%2fcoverage-v8 set size:undefined disposed:false
638 silly fetch manifest @vitest/browser@5.0.1
639 silly packumentCache full:https://registry.npmjs.org/@vitest%2fbrowser cache-miss
640 http fetch GET 200 https://registry.npmjs.org/@vitest%2fbrowser 155ms (cache miss)
641 silly packumentCache full:https://registry.npmjs.org/@vitest%2fbrowser set size:undefined disposed:false
642 silly fetch manifest @vitest/ui@5.0.1
643 silly packumentCache full:https://registry.npmjs.org/@vitest%2fui cache-miss
644 http fetch GET 200 https://registry.npmjs.org/@vitest%2fui 201ms (cache miss)
645 silly packumentCache full:https://registry.npmjs.org/@vitest%2fui set size:undefined disposed:false
646 silly fetch manifest happy-dom@*
647 silly packumentCache full:https://registry.npmjs.org/happy-dom cache-miss
648 http fetch GET 200 https://registry.npmjs.org/happy-dom 290ms (cache miss)
649 silly packumentCache full:https://registry.npmjs.org/happy-dom set size:undefined disposed:false
650 silly fetch manifest jsdom@*
651 silly packumentCache full:https://registry.npmjs.org/jsdom cache-miss
652 http fetch GET 200 https://registry.npmjs.org/jsdom 148ms (cache miss)
653 silly packumentCache full:https://registry.npmjs.org/jsdom set size:undefined disposed:false
654 silly fetch manifest canvas@^3.2.3
655 silly packumentCache full:https://registry.npmjs.org/canvas cache-miss
656 http fetch GET 200 https://registry.npmjs.org/canvas 96ms (cache miss)
657 silly packumentCache full:https://registry.npmjs.org/canvas set size:undefined disposed:false
658 silly fetch manifest jiti@>=1.21.0
659 silly packumentCache full:https://registry.npmjs.org/jiti cache-miss
660 http fetch GET 200 https://registry.npmjs.org/jiti 106ms (cache miss)
661 silly packumentCache full:https://registry.npmjs.org/jiti set size:undefined disposed:false
662 silly fetch manifest less@^4.0.0
663 silly packumentCache full:https://registry.npmjs.org/less cache-miss
664 http fetch GET 200 https://registry.npmjs.org/less 104ms (cache miss)
665 silly packumentCache full:https://registry.npmjs.org/less set size:undefined disposed:false
666 silly fetch manifest sass@^1.70.0
667 silly packumentCache full:https://registry.npmjs.org/sass cache-miss
668 http fetch GET 200 https://registry.npmjs.org/sass 161ms (cache miss)
669 silly packumentCache full:https://registry.npmjs.org/sass set size:undefined disposed:false
670 silly fetch manifest sass-embedded@^1.70.0
671 silly packumentCache full:https://registry.npmjs.org/sass-embedded cache-miss
672 http fetch GET 200 https://registry.npmjs.org/sass-embedded 95ms (cache miss)
673 silly packumentCache full:https://registry.npmjs.org/sass-embedded set size:undefined disposed:false
674 silly fetch manifest stylus@>=0.54.8
675 silly packumentCache full:https://registry.npmjs.org/stylus cache-miss
676 http fetch GET 200 https://registry.npmjs.org/stylus 85ms (cache miss)
677 silly packumentCache full:https://registry.npmjs.org/stylus set size:undefined disposed:false
678 silly fetch manifest sugarss@^5.0.0
679 silly packumentCache full:https://registry.npmjs.org/sugarss cache-miss
680 http fetch GET 200 https://registry.npmjs.org/sugarss 83ms (cache miss)
681 silly packumentCache full:https://registry.npmjs.org/sugarss set size:undefined disposed:false
682 silly fetch manifest postcss@^8.3.3
683 silly packumentCache full:https://registry.npmjs.org/postcss cache-miss
684 http fetch GET 200 https://registry.npmjs.org/postcss 131ms (cache miss)
685 silly packumentCache full:https://registry.npmjs.org/postcss set size:undefined disposed:false
686 silly fetch manifest terser@^5.16.0
687 silly packumentCache full:https://registry.npmjs.org/terser cache-miss
688 http fetch GET 200 https://registry.npmjs.org/terser 136ms (cache miss)
689 silly packumentCache full:https://registry.npmjs.org/terser set size:undefined disposed:false
690 silly fetch manifest tsx@^4.8.1
691 silly packumentCache full:https://registry.npmjs.org/tsx cache-miss
692 http fetch GET 200 https://registry.npmjs.org/tsx 110ms (cache miss)
693 silly packumentCache full:https://registry.npmjs.org/tsx set size:undefined disposed:false
694 silly fetch manifest yaml@^2.4.2
695 silly packumentCache full:https://registry.npmjs.org/yaml cache-miss
696 http fetch GET 200 https://registry.npmjs.org/yaml 106ms (cache miss)
697 silly packumentCache full:https://registry.npmjs.org/yaml set size:undefined disposed:false
698 silly fetch manifest @azure/app-configuration@^1.8.0
699 silly packumentCache full:https://registry.npmjs.org/@azure%2fapp-configuration cache-miss
700 http fetch GET 200 https://registry.npmjs.org/@azure%2fapp-configuration 286ms (cache miss)
701 silly packumentCache full:https://registry.npmjs.org/@azure%2fapp-configuration set size:undefined disposed:false
702 silly fetch manifest @azure/cosmos@^4.2.0
703 silly packumentCache full:https://registry.npmjs.org/@azure%2fcosmos cache-miss
704 http fetch GET 200 https://registry.npmjs.org/@azure%2fcosmos 419ms (cache miss)
705 silly packumentCache full:https://registry.npmjs.org/@azure%2fcosmos set size:undefined disposed:false
706 silly fetch manifest @azure/data-tables@^13.3.0
707 silly packumentCache full:https://registry.npmjs.org/@azure%2fdata-tables cache-miss
708 http fetch GET 200 https://registry.npmjs.org/@azure%2fdata-tables 431ms (cache miss)
709 silly packumentCache full:https://registry.npmjs.org/@azure%2fdata-tables set size:undefined disposed:false
710 silly fetch manifest @azure/identity@^4.6.0
711 silly packumentCache full:https://registry.npmjs.org/@azure%2fidentity cache-miss
712 http fetch GET 200 https://registry.npmjs.org/@azure%2fidentity 488ms (cache miss)
713 silly packumentCache full:https://registry.npmjs.org/@azure%2fidentity set size:undefined disposed:false
714 silly fetch manifest @azure/keyvault-secrets@^4.9.0
715 silly packumentCache full:https://registry.npmjs.org/@azure%2fkeyvault-secrets cache-miss
716 http fetch GET 200 https://registry.npmjs.org/@azure%2fkeyvault-secrets 259ms (cache miss)
717 silly packumentCache full:https://registry.npmjs.org/@azure%2fkeyvault-secrets set size:undefined disposed:false
718 silly fetch manifest @azure/storage-blob@^12.26.0
719 silly packumentCache full:https://registry.npmjs.org/@azure%2fstorage-blob cache-miss
720 http fetch GET 200 https://registry.npmjs.org/@azure%2fstorage-blob 256ms (cache miss)
721 silly packumentCache full:https://registry.npmjs.org/@azure%2fstorage-blob set size:undefined disposed:false
722 silly fetch manifest @capacitor/preferences@^6 || ^7 || ^8
723 silly packumentCache full:https://registry.npmjs.org/@capacitor%2fpreferences cache-miss
724 http fetch GET 200 https://registry.npmjs.org/@capacitor%2fpreferences 304ms (cache miss)
725 silly packumentCache full:https://registry.npmjs.org/@capacitor%2fpreferences set size:undefined disposed:false
726 silly fetch manifest @capacitor/core@>=8.0.0
727 silly packumentCache full:https://registry.npmjs.org/@capacitor%2fcore cache-miss
728 http fetch GET 200 https://registry.npmjs.org/@capacitor%2fcore 327ms (cache miss)
729 silly packumentCache full:https://registry.npmjs.org/@capacitor%2fcore set size:undefined disposed:false
730 silly fetch manifest @deno/kv@>=0.9.0
731 silly packumentCache full:https://registry.npmjs.org/@deno%2fkv cache-miss
732 http fetch GET 200 https://registry.npmjs.org/@deno%2fkv 110ms (cache miss)
733 silly packumentCache full:https://registry.npmjs.org/@deno%2fkv set size:undefined disposed:false
734 silly fetch manifest @netlify/blobs@^6.5.0 || ^7.0.0 || ^8.1.0 || ^9.0.0 || ^10.0.0
735 silly packumentCache full:https://registry.npmjs.org/@netlify%2fblobs cache-miss
736 http fetch GET 200 https://registry.npmjs.org/@netlify%2fblobs 337ms (cache miss)
737 silly packumentCache full:https://registry.npmjs.org/@netlify%2fblobs set size:undefined disposed:false
738 silly fetch manifest @planetscale/database@^1.19.0
739 silly packumentCache full:https://registry.npmjs.org/@planetscale%2fdatabase cache-miss
740 http fetch GET 200 https://registry.npmjs.org/@planetscale%2fdatabase 100ms (cache miss)
741 silly packumentCache full:https://registry.npmjs.org/@planetscale%2fdatabase set size:undefined disposed:false
742 silly fetch manifest @upstash/redis@^1.34.3
743 silly packumentCache full:https://registry.npmjs.org/@upstash%2fredis cache-miss
744 http fetch GET 200 https://registry.npmjs.org/@upstash%2fredis 474ms (cache miss)
745 silly packumentCache full:https://registry.npmjs.org/@upstash%2fredis set size:undefined disposed:false
746 silly fetch manifest @vercel/blob@>=0.27.1
747 silly packumentCache full:https://registry.npmjs.org/@vercel%2fblob cache-miss
748 http fetch GET 200 https://registry.npmjs.org/@vercel%2fblob 141ms (cache miss)
749 silly packumentCache full:https://registry.npmjs.org/@vercel%2fblob set size:undefined disposed:false
750 silly fetch manifest @vercel/functions@^2.2.12 || ^3.0.0
751 silly packumentCache full:https://registry.npmjs.org/@vercel%2ffunctions cache-miss
752 http fetch GET 200 https://registry.npmjs.org/@vercel%2ffunctions 131ms (cache miss)
753 silly packumentCache full:https://registry.npmjs.org/@vercel%2ffunctions set size:undefined disposed:false
754 silly fetch manifest @aws-sdk/credential-provider-web-identity@*
755 silly packumentCache full:https://registry.npmjs.org/@aws-sdk%2fcredential-provider-web-identity cache-miss
756 http fetch GET 200 https://registry.npmjs.org/@aws-sdk%2fcredential-provider-web-identity 133ms (cache miss)
757 silly packumentCache full:https://registry.npmjs.org/@aws-sdk%2fcredential-provider-web-identity set size:undefined disposed:false
758 silly fetch manifest ws@>=8
759 silly packumentCache full:https://registry.npmjs.org/ws cache-miss
760 http fetch GET 200 https://registry.npmjs.org/ws 102ms (cache miss)
761 silly packumentCache full:https://registry.npmjs.org/ws set size:undefined disposed:false
762 silly fetch manifest bufferutil@^4.0.1
763 silly packumentCache full:https://registry.npmjs.org/bufferutil cache-miss
764 http fetch GET 200 https://registry.npmjs.org/bufferutil 82ms (cache miss)
765 silly packumentCache full:https://registry.npmjs.org/bufferutil set size:undefined disposed:false
766 silly fetch manifest utf-8-validate@>=5.0.2
767 silly packumentCache full:https://registry.npmjs.org/utf-8-validate cache-miss
768 http fetch GET 200 https://registry.npmjs.org/utf-8-validate 78ms (cache miss)
769 silly packumentCache full:https://registry.npmjs.org/utf-8-validate set size:undefined disposed:false
770 silly fetch manifest @vercel/kv@^1 || ^2 || ^3
771 silly packumentCache full:https://registry.npmjs.org/@vercel%2fkv cache-miss
772 http fetch GET 200 https://registry.npmjs.org/@vercel%2fkv 108ms (cache miss)
773 silly packumentCache full:https://registry.npmjs.org/@vercel%2fkv set size:undefined disposed:false
774 silly fetch manifest aws4fetch@^1.0.20
775 silly packumentCache full:https://registry.npmjs.org/aws4fetch cache-miss
776 http fetch GET 200 https://registry.npmjs.org/aws4fetch 87ms (cache miss)
777 silly packumentCache full:https://registry.npmjs.org/aws4fetch set size:undefined disposed:false
778 silly fetch manifest db0@>=0.2.1
779 silly packumentCache full:https://registry.npmjs.org/db0 cache-miss
780 http fetch GET 200 https://registry.npmjs.org/db0 82ms (cache miss)
781 silly packumentCache full:https://registry.npmjs.org/db0 set size:undefined disposed:false
782 silly fetch manifest idb-keyval@^6.2.1
783 silly packumentCache full:https://registry.npmjs.org/idb-keyval cache-miss
784 http fetch GET 200 https://registry.npmjs.org/idb-keyval 79ms (cache miss)
785 silly packumentCache full:https://registry.npmjs.org/idb-keyval set size:undefined disposed:false
786 silly fetch manifest ioredis@^5.4.2
787 silly packumentCache full:https://registry.npmjs.org/ioredis cache-miss
788 http fetch GET 200 https://registry.npmjs.org/ioredis 143ms (cache miss)
789 silly packumentCache full:https://registry.npmjs.org/ioredis set size:undefined disposed:false
790 silly fetch manifest uploadthing@^7.4.4
791 silly packumentCache full:https://registry.npmjs.org/uploadthing cache-miss
792 http fetch GET 200 https://registry.npmjs.org/uploadthing 302ms (cache miss)
793 silly packumentCache full:https://registry.npmjs.org/uploadthing set size:undefined disposed:false
794 silly fetch manifest express@*
795 silly packumentCache full:https://registry.npmjs.org/express cache-miss
796 http fetch GET 200 https://registry.npmjs.org/express 126ms (cache miss)
797 silly packumentCache full:https://registry.npmjs.org/express set size:undefined disposed:false
798 silly fetch manifest h3@*
799 silly packumentCache full:https://registry.npmjs.org/h3 cache-miss
800 http fetch GET 200 https://registry.npmjs.org/h3 112ms (cache miss)
801 silly packumentCache full:https://registry.npmjs.org/h3 set size:undefined disposed:false
802 silly fetch manifest crossws@^0.4.12
803 silly packumentCache full:https://registry.npmjs.org/crossws cache-miss
804 http fetch GET 200 https://registry.npmjs.org/crossws 76ms (cache miss)
805 silly packumentCache full:https://registry.npmjs.org/crossws set size:undefined disposed:false
806 silly fetch manifest srvx@>=0.11.5
807 silly packumentCache full:https://registry.npmjs.org/srvx cache-miss
808 http fetch GET 200 https://registry.npmjs.org/srvx 94ms (cache miss)
809 silly packumentCache full:https://registry.npmjs.org/srvx set size:undefined disposed:false
810 silly fetch manifest ocache@>=0.3.0
811 silly packumentCache full:https://registry.npmjs.org/ocache cache-miss
812 http fetch GET 200 https://registry.npmjs.org/ocache 67ms (cache miss)
813 silly packumentCache full:https://registry.npmjs.org/ocache set size:undefined disposed:false
814 silly fetch manifest tailwindcss@^3.0.0 || ^4.0.0-beta.0
815 silly packumentCache full:https://registry.npmjs.org/tailwindcss cache-miss
816 http fetch GET 200 https://registry.npmjs.org/tailwindcss 606ms (cache miss)
817 silly packumentCache full:https://registry.npmjs.org/tailwindcss set size:undefined disposed:false
818 silly placeDep ROOT @astrojs/compiler-rs@0.5.0 OK for: astro@7.3.5 want: ^0.5.0
819 silly placeDep ROOT @astrojs/telemetry@3.3.3 OK for: astro@7.3.5 want: 3.3.3
820 silly placeDep ROOT @capsizecss/unpack@4.0.1 OK for: astro@7.3.5 want: ^4.0.0
821 silly placeDep ROOT @clack/prompts@1.8.1 OK for: astro@7.3.5 want: ^1.1.0
822 silly placeDep ROOT @oslojs/encoding@1.1.0 OK for: astro@7.3.5 want: ^1.1.0
823 silly placeDep ROOT am-i-vibing@0.4.0 OK for: astro@7.3.5 want: ^0.4.0
824 silly placeDep ROOT aria-query@5.3.2 OK for: astro@7.3.5 want: ^5.3.2
825 silly placeDep ROOT axobject-query@4.1.0 OK for: astro@7.3.5 want: ^4.1.0
826 silly placeDep ROOT ci-info@4.4.0 OK for: astro@7.3.5 want: ^4.4.0
827 silly placeDep ROOT clsx@2.1.1 OK for: astro@7.3.5 want: ^2.1.1
828 silly placeDep ROOT common-ancestor-path@2.0.0 OK for: astro@7.3.5 want: ^2.0.0
829 silly placeDep ROOT cookie@2.0.1 OK for: astro@7.3.5 want: ^2.0.1
830 silly placeDep ROOT devalue@5.9.4 OK for: astro@7.3.5 want: ^5.8.1
831 silly placeDep ROOT diff@9.0.0 OK for: astro@7.3.5 want: ^9.0.0
832 silly placeDep ROOT dset@3.1.4 OK for: astro@7.3.5 want: ^3.1.4
833 silly placeDep ROOT esbuild@0.28.2 OK for: astro@7.3.5 want: ^0.28.0
834 silly placeDep ROOT find-proc@0.2.0 OK for: astro@7.3.5 want: 0.2.0
835 silly placeDep ROOT flattie@1.1.1 OK for: astro@7.3.5 want: ^1.1.1
836 silly placeDep ROOT fontace@0.4.1 OK for: astro@7.3.5 want: ~0.4.1
837 silly placeDep ROOT get-tsconfig@5.0.0-beta.4 OK for: astro@7.3.5 want: 5.0.0-beta.4
838 silly placeDep ROOT html-escaper@3.0.3 OK for: astro@7.3.5 want: 3.0.3
839 silly placeDep ROOT http-cache-semantics@4.2.0 OK for: astro@7.3.5 want: ^4.2.0
840 silly placeDep ROOT jsonc-parser@3.3.1 OK for: astro@7.3.5 want: ^3.3.1
841 silly placeDep ROOT magic-string@1.4.2 OK for: astro@7.3.5 want: ^1.0.0
842 silly placeDep ROOT magicast@0.5.5 OK for: astro@7.3.5 want: ^0.5.2
843 silly placeDep ROOT mrmime@2.0.1 OK for: astro@7.3.5 want: ^2.0.1
844 silly placeDep ROOT neotraverse@1.0.1 OK for: astro@7.3.5 want: ^1.0.1
845 silly placeDep ROOT obug@3.0.0 OK for: astro@7.3.5 want: ^3.0.0
846 silly placeDep ROOT p-limit@7.3.3 OK for: astro@7.3.5 want: ^7.3.0
847 silly placeDep ROOT p-queue@9.3.3 OK for: astro@7.3.5 want: ^9.1.0
848 silly placeDep ROOT package-manager-detector@1.8.0 OK for: astro@7.3.5 want: ^1.6.0
849 silly placeDep ROOT sharp@0.35.4 OK for: astro@7.3.5 want: ^0.35.4
850 silly placeDep ROOT svgo@4.1.0 OK for: astro@7.3.5 want: ^4.1.0
851 silly placeDep ROOT tinyclip@1.0.3 OK for: astro@7.3.5 want: ^1.0.1
852 silly placeDep ROOT tinyexec@1.3.1 OK for: astro@7.3.5 want: ^1.0.4
853 silly placeDep ROOT tinyglobby@0.2.17 OK for: astro@7.3.5 want: ^0.2.15
854 silly placeDep ROOT ultrahtml@1.7.0 OK for: astro@7.3.5 want: ^1.6.0
855 silly placeDep ROOT unifont@0.7.5 OK for: astro@7.3.5 want: ~0.7.5
856 silly placeDep ROOT unstorage@1.17.5 OK for: astro@7.3.5 want: ^1.17.5
857 silly placeDep ROOT verkit@0.4.1 OK for: astro@7.3.5 want: ^0.4.0
858 silly placeDep ROOT vite@8.3.1 OK for: astro@7.3.5 want: ^8.0.13
859 silly placeDep ROOT vitefu@1.1.3 OK for: astro@7.3.5 want: ^1.1.2
860 silly placeDep ROOT xxhash-wasm@1.1.0 OK for: astro@7.3.5 want: ^1.1.0
861 silly placeDep ROOT yargs-parser@22.0.0 OK for: astro@7.3.5 want: ^22.0.0
862 silly fetch manifest @astrojs/compiler-binding@0.5.0
863 silly packumentCache full:https://registry.npmjs.org/@astrojs%2fcompiler-binding cache-miss
864 silly fetch manifest is-docker@^4.0.0
865 silly packumentCache full:https://registry.npmjs.org/is-docker cache-miss
866 silly fetch manifest fontkitten@^1.0.3
867 silly packumentCache full:https://registry.npmjs.org/fontkitten cache-miss
868 silly fetch manifest sisteransi@^1.0.5
869 silly packumentCache full:https://registry.npmjs.org/sisteransi cache-miss
870 silly fetch manifest @clack/core@1.5.1
871 silly packumentCache full:https://registry.npmjs.org/@clack%2fcore cache-miss
872 silly fetch manifest fast-wrap-ansi@^0.2.0
873 silly packumentCache full:https://registry.npmjs.org/fast-wrap-ansi cache-miss
874 silly fetch manifest fast-string-width@^3.0.2
875 silly packumentCache full:https://registry.npmjs.org/fast-string-width cache-miss
876 http fetch GET 200 https://registry.npmjs.org/sisteransi 83ms (cache miss)
877 silly packumentCache full:https://registry.npmjs.org/sisteransi set size:undefined disposed:false
878 silly fetch manifest process-ancestry@^0.1.0
879 silly packumentCache full:https://registry.npmjs.org/process-ancestry cache-miss
880 http fetch GET 200 https://registry.npmjs.org/fast-string-width 84ms (cache miss)
881 silly packumentCache full:https://registry.npmjs.org/fast-string-width set size:undefined disposed:false
882 silly fetch manifest @esbuild/aix-ppc64@0.28.2
883 silly packumentCache full:https://registry.npmjs.org/@esbuild%2faix-ppc64 cache-miss
884 http fetch GET 200 https://registry.npmjs.org/fast-wrap-ansi 86ms (cache miss)
885 silly packumentCache full:https://registry.npmjs.org/fast-wrap-ansi set size:undefined disposed:false
886 silly fetch manifest @esbuild/linux-arm@0.28.2
887 silly packumentCache full:https://registry.npmjs.org/@esbuild%2flinux-arm cache-miss
888 http fetch GET 200 https://registry.npmjs.org/is-docker 90ms (cache miss)
889 silly packumentCache full:https://registry.npmjs.org/is-docker set size:undefined disposed:false
890 silly fetch manifest @esbuild/linux-x64@0.28.2
891 silly packumentCache full:https://registry.npmjs.org/@esbuild%2flinux-x64 cache-miss
892 http fetch GET 200 https://registry.npmjs.org/fontkitten 96ms (cache miss)
893 silly packumentCache full:https://registry.npmjs.org/fontkitten set size:undefined disposed:false
894 silly fetch manifest @esbuild/sunos-x64@0.28.2
895 silly packumentCache full:https://registry.npmjs.org/@esbuild%2fsunos-x64 cache-miss
896 http fetch GET 200 https://registry.npmjs.org/@clack%2fcore 117ms (cache miss)
897 silly packumentCache full:https://registry.npmjs.org/@clack%2fcore set size:undefined disposed:false
898 silly fetch manifest @esbuild/win32-x64@0.28.2
899 silly packumentCache full:https://registry.npmjs.org/@esbuild%2fwin32-x64 cache-miss
900 http fetch GET 200 https://registry.npmjs.org/@astrojs%2fcompiler-binding 138ms (cache miss)
901 silly packumentCache full:https://registry.npmjs.org/@astrojs%2fcompiler-binding set size:undefined disposed:false
902 silly fetch manifest @esbuild/darwin-x64@0.28.2
903 silly packumentCache full:https://registry.npmjs.org/@esbuild%2fdarwin-x64 cache-miss
904 http fetch GET 200 https://registry.npmjs.org/process-ancestry 67ms (cache miss)
905 silly packumentCache full:https://registry.npmjs.org/process-ancestry set size:undefined disposed:false
906 silly fetch manifest @esbuild/linux-ia32@0.28.2
907 silly packumentCache full:https://registry.npmjs.org/@esbuild%2flinux-ia32 cache-miss
908 http fetch GET 200 https://registry.npmjs.org/@esbuild%2faix-ppc64 98ms (cache miss)
909 silly packumentCache full:https://registry.npmjs.org/@esbuild%2faix-ppc64 set size:undefined disposed:false
910 silly fetch manifest @esbuild/netbsd-x64@0.28.2
911 silly packumentCache full:https://registry.npmjs.org/@esbuild%2fnetbsd-x64 cache-miss
912 http fetch GET 200 https://registry.npmjs.org/@esbuild%2flinux-arm 110ms (cache miss)
913 silly packumentCache full:https://registry.npmjs.org/@esbuild%2flinux-arm set size:undefined disposed:false
914 silly fetch manifest @esbuild/win32-ia32@0.28.2
915 silly packumentCache full:https://registry.npmjs.org/@esbuild%2fwin32-ia32 cache-miss
916 http fetch GET 200 https://registry.npmjs.org/@esbuild%2flinux-x64 176ms (cache miss)
917 silly packumentCache full:https://registry.npmjs.org/@esbuild%2flinux-x64 set size:undefined disposed:false
918 silly fetch manifest @esbuild/android-arm@0.28.2
919 silly packumentCache full:https://registry.npmjs.org/@esbuild%2fandroid-arm cache-miss
920 http fetch GET 200 https://registry.npmjs.org/@esbuild%2fwin32-x64 155ms (cache miss)
921 silly packumentCache full:https://registry.npmjs.org/@esbuild%2fwin32-x64 set size:undefined disposed:false
922 silly fetch manifest @esbuild/android-x64@0.28.2
923 silly packumentCache full:https://registry.npmjs.org/@esbuild%2fandroid-x64 cache-miss
924 http fetch GET 200 https://registry.npmjs.org/@esbuild%2fdarwin-x64 146ms (cache miss)
925 silly packumentCache full:https://registry.npmjs.org/@esbuild%2fdarwin-x64 set size:undefined disposed:false
926 silly fetch manifest @esbuild/freebsd-x64@0.28.2
927 silly packumentCache full:https://registry.npmjs.org/@esbuild%2ffreebsd-x64 cache-miss
928 http fetch GET 200 https://registry.npmjs.org/@esbuild%2flinux-ia32 150ms (cache miss)
929 silly packumentCache full:https://registry.npmjs.org/@esbuild%2flinux-ia32 set size:undefined disposed:false
930 silly fetch manifest @esbuild/linux-arm64@0.28.2
931 silly packumentCache full:https://registry.npmjs.org/@esbuild%2flinux-arm64 cache-miss
932 http fetch GET 200 https://registry.npmjs.org/@esbuild%2fnetbsd-x64 154ms (cache miss)
933 silly packumentCache full:https://registry.npmjs.org/@esbuild%2fnetbsd-x64 set size:undefined disposed:false
934 silly fetch manifest @esbuild/linux-ppc64@0.28.2
935 silly packumentCache full:https://registry.npmjs.org/@esbuild%2flinux-ppc64 cache-miss
936 http fetch GET 200 https://registry.npmjs.org/@esbuild%2fwin32-ia32 144ms (cache miss)
937 silly packumentCache full:https://registry.npmjs.org/@esbuild%2fwin32-ia32 set size:undefined disposed:false
938 silly fetch manifest @esbuild/linux-s390x@0.28.2
939 silly packumentCache full:https://registry.npmjs.org/@esbuild%2flinux-s390x cache-miss
940 http fetch GET 200 https://registry.npmjs.org/@esbuild%2fsunos-x64 288ms (cache miss)
941 silly packumentCache full:https://registry.npmjs.org/@esbuild%2fsunos-x64 set size:undefined disposed:false
942 silly fetch manifest @esbuild/openbsd-x64@0.28.2
943 silly packumentCache full:https://registry.npmjs.org/@esbuild%2fopenbsd-x64 cache-miss
944 http fetch GET 200 https://registry.npmjs.org/@esbuild%2fandroid-arm 124ms (cache miss)
945 silly packumentCache full:https://registry.npmjs.org/@esbuild%2fandroid-arm set size:undefined disposed:false
946 silly fetch manifest @esbuild/win32-arm64@0.28.2
947 silly packumentCache full:https://registry.npmjs.org/@esbuild%2fwin32-arm64 cache-miss
948 http fetch GET 200 https://registry.npmjs.org/@esbuild%2ffreebsd-x64 146ms (cache miss)
949 silly packumentCache full:https://registry.npmjs.org/@esbuild%2ffreebsd-x64 set size:undefined disposed:false
950 silly fetch manifest @esbuild/darwin-arm64@0.28.2
951 silly packumentCache full:https://registry.npmjs.org/@esbuild%2fdarwin-arm64 cache-miss
952 http fetch GET 200 https://registry.npmjs.org/@esbuild%2fandroid-x64 159ms (cache miss)
953 silly packumentCache full:https://registry.npmjs.org/@esbuild%2fandroid-x64 set size:undefined disposed:false
954 silly fetch manifest @esbuild/netbsd-arm64@0.28.2
955 silly packumentCache full:https://registry.npmjs.org/@esbuild%2fnetbsd-arm64 cache-miss
956 http fetch GET 200 https://registry.npmjs.org/@esbuild%2flinux-arm64 153ms (cache miss)
957 silly packumentCache full:https://registry.npmjs.org/@esbuild%2flinux-arm64 set size:undefined disposed:false
958 silly fetch manifest @esbuild/android-arm64@0.28.2
959 silly packumentCache full:https://registry.npmjs.org/@esbuild%2fandroid-arm64 cache-miss
960 http fetch GET 200 https://registry.npmjs.org/@esbuild%2flinux-ppc64 142ms (cache miss)
961 silly packumentCache full:https://registry.npmjs.org/@esbuild%2flinux-ppc64 set size:undefined disposed:false
962 silly fetch manifest @esbuild/freebsd-arm64@0.28.2
963 silly packumentCache full:https://registry.npmjs.org/@esbuild%2ffreebsd-arm64 cache-miss
964 http fetch GET 200 https://registry.npmjs.org/@esbuild%2flinux-s390x 145ms (cache miss)
965 silly packumentCache full:https://registry.npmjs.org/@esbuild%2flinux-s390x set size:undefined disposed:false
966 silly fetch manifest @esbuild/linux-loong64@0.28.2
967 silly packumentCache full:https://registry.npmjs.org/@esbuild%2flinux-loong64 cache-miss
968 http fetch GET 200 https://registry.npmjs.org/@esbuild%2fopenbsd-x64 136ms (cache miss)
969 silly packumentCache full:https://registry.npmjs.org/@esbuild%2fopenbsd-x64 set size:undefined disposed:false
970 silly fetch manifest @esbuild/linux-riscv64@0.28.2
971 silly packumentCache full:https://registry.npmjs.org/@esbuild%2flinux-riscv64 cache-miss
972 http fetch GET 200 https://registry.npmjs.org/@esbuild%2fwin32-arm64 142ms (cache miss)
973 silly packumentCache full:https://registry.npmjs.org/@esbuild%2fwin32-arm64 set size:undefined disposed:false
974 silly fetch manifest @esbuild/openbsd-arm64@0.28.2
975 silly packumentCache full:https://registry.npmjs.org/@esbuild%2fopenbsd-arm64 cache-miss
976 http fetch GET 200 https://registry.npmjs.org/@esbuild%2fnetbsd-arm64 109ms (cache miss)
977 silly packumentCache full:https://registry.npmjs.org/@esbuild%2fnetbsd-arm64 set size:undefined disposed:false
978 silly fetch manifest @esbuild/linux-mips64el@0.28.2
979 silly packumentCache full:https://registry.npmjs.org/@esbuild%2flinux-mips64el cache-miss
980 http fetch GET 200 https://registry.npmjs.org/@esbuild%2fdarwin-arm64 139ms (cache miss)
981 silly packumentCache full:https://registry.npmjs.org/@esbuild%2fdarwin-arm64 set size:undefined disposed:false
982 silly fetch manifest @esbuild/openharmony-arm64@0.28.2
983 silly packumentCache full:https://registry.npmjs.org/@esbuild%2fopenharmony-arm64 cache-miss
984 http fetch GET 200 https://registry.npmjs.org/@esbuild%2fandroid-arm64 127ms (cache miss)
985 silly packumentCache full:https://registry.npmjs.org/@esbuild%2fandroid-arm64 set size:undefined disposed:false
986 silly fetch manifest fontkitten@^1.0.2
987 silly packumentCache full:https://registry.npmjs.org/fontkitten cache-miss
988 http cache https://registry.npmjs.org/fontkitten 15ms (cache hit)
989 silly packumentCache full:https://registry.npmjs.org/fontkitten set size:43549 disposed:false
990 silly fetch manifest resolve-pkg-maps@^1.0.0
991 silly packumentCache full:https://registry.npmjs.org/resolve-pkg-maps cache-miss
992 http fetch GET 200 https://registry.npmjs.org/@esbuild%2ffreebsd-arm64 138ms (cache miss)
993 silly packumentCache full:https://registry.npmjs.org/@esbuild%2ffreebsd-arm64 set size:undefined disposed:false
994 silly fetch manifest @jridgewell/sourcemap-codec@^1.6.0
995 silly packumentCache full:https://registry.npmjs.org/@jridgewell%2fsourcemap-codec cache-miss
996 http fetch GET 200 https://registry.npmjs.org/@esbuild%2flinux-loong64 136ms (cache miss)
997 silly packumentCache full:https://registry.npmjs.org/@esbuild%2flinux-loong64 set size:undefined disposed:false
998 silly fetch manifest @babel/types@^7.29.7
999 silly packumentCache full:https://registry.npmjs.org/@babel%2ftypes cache-miss
1000 http fetch GET 200 https://registry.npmjs.org/@esbuild%2flinux-riscv64 123ms (cache miss)
1001 silly packumentCache full:https://registry.npmjs.org/@esbuild%2flinux-riscv64 set size:undefined disposed:false
1002 silly fetch manifest @babel/parser@^7.29.7
1003 silly packumentCache full:https://registry.npmjs.org/@babel%2fparser cache-miss
1004 http fetch GET 200 https://registry.npmjs.org/@esbuild%2fopenbsd-arm64 113ms (cache miss)
1005 silly packumentCache full:https://registry.npmjs.org/@esbuild%2fopenbsd-arm64 set size:undefined disposed:false
1006 silly fetch manifest source-map-js@^1.2.1
1007 silly packumentCache full:https://registry.npmjs.org/source-map-js cache-miss
1008 http fetch GET 200 https://registry.npmjs.org/@esbuild%2fopenharmony-arm64 98ms (cache miss)
1009 silly packumentCache full:https://registry.npmjs.org/@esbuild%2fopenharmony-arm64 set size:undefined disposed:false
1010 silly fetch manifest yocto-queue@^1.2.1
1011 silly packumentCache full:https://registry.npmjs.org/yocto-queue cache-miss
1012 http fetch GET 200 https://registry.npmjs.org/resolve-pkg-maps 76ms (cache miss)
1013 silly packumentCache full:https://registry.npmjs.org/resolve-pkg-maps set size:undefined disposed:false
1014 silly fetch manifest eventemitter3@^5.0.4
1015 silly packumentCache full:https://registry.npmjs.org/eventemitter3 cache-miss
1016 http fetch GET 200 https://registry.npmjs.org/@esbuild%2flinux-mips64el 136ms (cache miss)
1017 silly packumentCache full:https://registry.npmjs.org/@esbuild%2flinux-mips64el set size:undefined disposed:false
1018 silly fetch manifest p-timeout@^7.0.0
1019 silly packumentCache full:https://registry.npmjs.org/p-timeout cache-miss
1020 http fetch GET 200 https://registry.npmjs.org/@jridgewell%2fsourcemap-codec 95ms (cache miss)
1021 silly packumentCache full:https://registry.npmjs.org/@jridgewell%2fsourcemap-codec set size:undefined disposed:false
1022 silly fetch manifest semver@^7.8.5
1023 silly packumentCache full:https://registry.npmjs.org/semver cache-miss
1024 http fetch GET 200 https://registry.npmjs.org/source-map-js 79ms (cache miss)
1025 silly packumentCache full:https://registry.npmjs.org/source-map-js set size:undefined disposed:false
1026 silly fetch manifest @img/colour@^1.1.0
1027 silly packumentCache full:https://registry.npmjs.org/@img%2fcolour cache-miss
1028 http fetch GET 200 https://registry.npmjs.org/@babel%2ftypes 183ms (cache miss)
1029 silly packumentCache full:https://registry.npmjs.org/@babel%2ftypes set size:undefined disposed:false
1030 silly fetch manifest detect-libc@^2.1.2
1031 silly packumentCache full:https://registry.npmjs.org/detect-libc cache-miss
1032 http fetch GET 200 https://registry.npmjs.org/yocto-queue 163ms (cache miss)
1033 silly packumentCache full:https://registry.npmjs.org/yocto-queue set size:undefined disposed:false
1034 silly fetch manifest @img/sharp-linux-arm@0.35.4
1035 silly packumentCache full:https://registry.npmjs.org/@img%2fsharp-linux-arm cache-miss
1036 http fetch GET 200 https://registry.npmjs.org/eventemitter3 159ms (cache miss)
1037 silly packumentCache full:https://registry.npmjs.org/eventemitter3 set size:undefined disposed:false
1038 silly fetch manifest @img/sharp-linux-x64@0.35.4
1039 silly packumentCache full:https://registry.npmjs.org/@img%2fsharp-linux-x64 cache-miss
1040 http fetch GET 200 https://registry.npmjs.org/p-timeout 163ms (cache miss)
1041 silly packumentCache full:https://registry.npmjs.org/p-timeout set size:undefined disposed:false
1042 silly fetch manifest @img/sharp-win32-x64@0.35.4
1043 silly packumentCache full:https://registry.npmjs.org/@img%2fsharp-win32-x64 cache-miss
1044 http fetch GET 200 https://registry.npmjs.org/@babel%2fparser 200ms (cache miss)
1045 silly packumentCache full:https://registry.npmjs.org/@babel%2fparser set size:undefined disposed:false
1046 silly fetch manifest @img/sharp-darwin-x64@0.35.4
1047 silly packumentCache full:https://registry.npmjs.org/@img%2fsharp-darwin-x64 cache-miss
1048 http fetch GET 200 https://registry.npmjs.org/@img%2fcolour 131ms (cache miss)
1049 silly packumentCache full:https://registry.npmjs.org/@img%2fcolour set size:undefined disposed:false
1050 silly fetch manifest @img/sharp-win32-ia32@0.35.4
1051 silly packumentCache full:https://registry.npmjs.org/@img%2fsharp-win32-ia32 cache-miss
1052 http fetch GET 200 https://registry.npmjs.org/semver 146ms (cache miss)
1053 silly packumentCache full:https://registry.npmjs.org/semver set size:undefined disposed:false
1054 silly fetch manifest @img/sharp-linux-arm64@0.35.4
1055 silly packumentCache full:https://registry.npmjs.org/@img%2fsharp-linux-arm64 cache-miss
1056 http fetch GET 200 https://registry.npmjs.org/detect-libc 83ms (cache miss)
1057 silly packumentCache full:https://registry.npmjs.org/detect-libc set size:undefined disposed:false
1058 silly fetch manifest @img/sharp-linux-ppc64@0.35.4
1059 silly packumentCache full:https://registry.npmjs.org/@img%2fsharp-linux-ppc64 cache-miss
1060 http fetch GET 200 https://registry.npmjs.org/@img%2fsharp-linux-arm 99ms (cache miss)
1061 silly packumentCache full:https://registry.npmjs.org/@img%2fsharp-linux-arm set size:undefined disposed:false
1062 silly fetch manifest @img/sharp-linux-s390x@0.35.4
1063 silly packumentCache full:https://registry.npmjs.org/@img%2fsharp-linux-s390x cache-miss
1064 http fetch GET 200 https://registry.npmjs.org/@img%2fsharp-darwin-x64 88ms (cache miss)
1065 silly packumentCache full:https://registry.npmjs.org/@img%2fsharp-darwin-x64 set size:undefined disposed:false
1066 silly fetch manifest @img/sharp-win32-arm64@0.35.4
1067 silly packumentCache full:https://registry.npmjs.org/@img%2fsharp-win32-arm64 cache-miss
1068 http fetch GET 200 https://registry.npmjs.org/@img%2fsharp-win32-x64 106ms (cache miss)
1069 silly packumentCache full:https://registry.npmjs.org/@img%2fsharp-win32-x64 set size:undefined disposed:false
1070 silly fetch manifest @img/sharp-darwin-arm64@0.35.4
1071 silly packumentCache full:https://registry.npmjs.org/@img%2fsharp-darwin-arm64 cache-miss
1072 http fetch GET 200 https://registry.npmjs.org/@img%2fsharp-linux-arm64 96ms (cache miss)
1073 silly packumentCache full:https://registry.npmjs.org/@img%2fsharp-linux-arm64 set size:undefined disposed:false
1074 silly fetch manifest @img/sharp-linux-riscv64@0.35.4
1075 silly packumentCache full:https://registry.npmjs.org/@img%2fsharp-linux-riscv64 cache-miss
1076 http fetch GET 200 https://registry.npmjs.org/@img%2fsharp-win32-ia32 104ms (cache miss)
1077 silly packumentCache full:https://registry.npmjs.org/@img%2fsharp-win32-ia32 set size:undefined disposed:false
1078 silly fetch manifest @img/sharp-linuxmusl-x64@0.35.4
1079 silly packumentCache full:https://registry.npmjs.org/@img%2fsharp-linuxmusl-x64 cache-miss
1080 http fetch GET 200 https://registry.npmjs.org/@img%2fsharp-linux-ppc64 89ms (cache miss)
1081 silly packumentCache full:https://registry.npmjs.org/@img%2fsharp-linux-ppc64 set size:undefined disposed:false
1082 silly fetch manifest @img/sharp-freebsd-wasm32@0.35.4
1083 silly packumentCache full:https://registry.npmjs.org/@img%2fsharp-freebsd-wasm32 cache-miss
1084 http fetch GET 200 https://registry.npmjs.org/@img%2fsharp-linux-s390x 121ms (cache miss)
1085 silly packumentCache full:https://registry.npmjs.org/@img%2fsharp-linux-s390x set size:undefined disposed:false
1086 silly fetch manifest @img/sharp-linuxmusl-arm64@0.35.4
1087 silly packumentCache full:https://registry.npmjs.org/@img%2fsharp-linuxmusl-arm64 cache-miss
1088 http fetch GET 200 https://registry.npmjs.org/@img%2fsharp-win32-arm64 126ms (cache miss)
1089 silly packumentCache full:https://registry.npmjs.org/@img%2fsharp-win32-arm64 set size:undefined disposed:false
1090 silly fetch manifest @img/sharp-libvips-linux-arm@1.3.3
1091 silly packumentCache full:https://registry.npmjs.org/@img%2fsharp-libvips-linux-arm cache-miss
1092 http fetch GET 200 https://registry.npmjs.org/@img%2fsharp-darwin-arm64 127ms (cache miss)
1093 silly packumentCache full:https://registry.npmjs.org/@img%2fsharp-darwin-arm64 set size:undefined disposed:false
1094 silly fetch manifest @img/sharp-libvips-linux-x64@1.3.3
1095 silly packumentCache full:https://registry.npmjs.org/@img%2fsharp-libvips-linux-x64 cache-miss
1096 http fetch GET 200 https://registry.npmjs.org/@img%2fsharp-linuxmusl-x64 115ms (cache miss)
1097 silly packumentCache full:https://registry.npmjs.org/@img%2fsharp-linuxmusl-x64 set size:undefined disposed:false
1098 silly fetch manifest @img/sharp-libvips-darwin-x64@1.3.3
1099 silly packumentCache full:https://registry.npmjs.org/@img%2fsharp-libvips-darwin-x64 cache-miss
1100 http fetch GET 200 https://registry.npmjs.org/@img%2fsharp-linux-riscv64 122ms (cache miss)
1101 silly packumentCache full:https://registry.npmjs.org/@img%2fsharp-linux-riscv64 set size:undefined disposed:false
1102 silly fetch manifest @img/sharp-libvips-linux-arm64@1.3.3
1103 silly packumentCache full:https://registry.npmjs.org/@img%2fsharp-libvips-linux-arm64 cache-miss
1104 http fetch GET 200 https://registry.npmjs.org/@img%2fsharp-freebsd-wasm32 99ms (cache miss)
1105 silly packumentCache full:https://registry.npmjs.org/@img%2fsharp-freebsd-wasm32 set size:undefined disposed:false
1106 silly fetch manifest @img/sharp-libvips-linux-ppc64@1.3.3
1107 silly packumentCache full:https://registry.npmjs.org/@img%2fsharp-libvips-linux-ppc64 cache-miss
1108 http fetch GET 200 https://registry.npmjs.org/@img%2fsharp-linux-x64 283ms (cache miss)
1109 silly packumentCache full:https://registry.npmjs.org/@img%2fsharp-linux-x64 set size:undefined disposed:false
1110 silly fetch manifest @img/sharp-libvips-linux-s390x@1.3.3
1111 silly packumentCache full:https://registry.npmjs.org/@img%2fsharp-libvips-linux-s390x cache-miss
1112 http fetch GET 200 https://registry.npmjs.org/@img%2fsharp-libvips-linux-arm 85ms (cache miss)
1113 silly packumentCache full:https://registry.npmjs.org/@img%2fsharp-libvips-linux-arm set size:undefined disposed:false
1114 silly fetch manifest @img/sharp-libvips-darwin-arm64@1.3.3
1115 silly packumentCache full:https://registry.npmjs.org/@img%2fsharp-libvips-darwin-arm64 cache-miss
1116 http fetch GET 200 https://registry.npmjs.org/@img%2fsharp-libvips-linux-x64 88ms (cache miss)
1117 silly packumentCache full:https://registry.npmjs.org/@img%2fsharp-libvips-linux-x64 set size:undefined disposed:false
1118 silly fetch manifest @img/sharp-webcontainers-wasm32@0.35.4
1119 silly packumentCache full:https://registry.npmjs.org/@img%2fsharp-webcontainers-wasm32 cache-miss
1120 http fetch GET 200 https://registry.npmjs.org/@img%2fsharp-libvips-linux-arm64 91ms (cache miss)
1121 silly packumentCache full:https://registry.npmjs.org/@img%2fsharp-libvips-linux-arm64 set size:undefined disposed:false
1122 silly fetch manifest @img/sharp-libvips-linux-riscv64@1.3.3
1123 silly packumentCache full:https://registry.npmjs.org/@img%2fsharp-libvips-linux-riscv64 cache-miss
1124 http fetch GET 200 https://registry.npmjs.org/@img%2fsharp-linuxmusl-arm64 130ms (cache miss)
1125 silly packumentCache full:https://registry.npmjs.org/@img%2fsharp-linuxmusl-arm64 set size:undefined disposed:false
1126 silly fetch manifest @img/sharp-libvips-linuxmusl-x64@1.3.3
1127 silly packumentCache full:https://registry.npmjs.org/@img%2fsharp-libvips-linuxmusl-x64 cache-miss
1128 http fetch GET 200 https://registry.npmjs.org/@img%2fsharp-libvips-darwin-x64 112ms (cache miss)
1129 silly packumentCache full:https://registry.npmjs.org/@img%2fsharp-libvips-darwin-x64 set size:undefined disposed:false
1130 silly fetch manifest @img/sharp-libvips-linuxmusl-arm64@1.3.3
1131 silly packumentCache full:https://registry.npmjs.org/@img%2fsharp-libvips-linuxmusl-arm64 cache-miss
1132 http fetch GET 200 https://registry.npmjs.org/@img%2fsharp-libvips-darwin-arm64 82ms (cache miss)
1133 silly packumentCache full:https://registry.npmjs.org/@img%2fsharp-libvips-darwin-arm64 set size:undefined disposed:false
1134 silly fetch manifest sax@1.6.1
1135 silly packumentCache full:https://registry.npmjs.org/sax cache-miss
1136 http cache https://registry.npmjs.org/sax 6ms (cache hit)
1137 silly packumentCache full:https://registry.npmjs.org/sax set size:92982 disposed:false
1138 silly fetch manifest csso@^5.0.5
1139 silly packumentCache full:https://registry.npmjs.org/csso cache-miss
1140 http fetch GET 200 https://registry.npmjs.org/@img%2fsharp-webcontainers-wasm32 93ms (cache miss)
1141 silly packumentCache full:https://registry.npmjs.org/@img%2fsharp-webcontainers-wasm32 set size:undefined disposed:false
1142 silly fetch manifest css-tree@^3.0.1
1143 silly packumentCache full:https://registry.npmjs.org/css-tree cache-miss
1144 http fetch GET 200 https://registry.npmjs.org/@img%2fsharp-libvips-linux-s390x 147ms (cache miss)
1145 silly packumentCache full:https://registry.npmjs.org/@img%2fsharp-libvips-linux-s390x set size:undefined disposed:false
1146 silly fetch manifest css-what@^7.0.0
1147 silly packumentCache full:https://registry.npmjs.org/css-what cache-miss
1148 http fetch GET 200 https://registry.npmjs.org/@img%2fsharp-libvips-linuxmusl-x64 91ms (cache miss)
1149 silly packumentCache full:https://registry.npmjs.org/@img%2fsharp-libvips-linuxmusl-x64 set size:undefined disposed:false
1150 silly fetch manifest commander@^11.1.0
1151 silly packumentCache full:https://registry.npmjs.org/commander cache-miss
1152 http fetch GET 200 https://registry.npmjs.org/@img%2fsharp-libvips-linux-riscv64 106ms (cache miss)
1153 silly packumentCache full:https://registry.npmjs.org/@img%2fsharp-libvips-linux-riscv64 set size:undefined disposed:false
1154 silly fetch manifest css-select@^6.0.0
1155 silly packumentCache full:https://registry.npmjs.org/css-select cache-miss
1156 http fetch GET 200 https://registry.npmjs.org/@img%2fsharp-libvips-linuxmusl-arm64 103ms (cache miss)
1157 silly packumentCache full:https://registry.npmjs.org/@img%2fsharp-libvips-linuxmusl-arm64 set size:undefined disposed:false
1158 silly fetch manifest picocolors@^1.1.1
1159 silly packumentCache full:https://registry.npmjs.org/picocolors cache-miss
1160 http fetch GET 200 https://registry.npmjs.org/css-what 79ms (cache miss)
1161 silly packumentCache full:https://registry.npmjs.org/css-what set size:undefined disposed:false
1162 silly fetch manifest fdir@^6.5.0
1163 silly packumentCache full:https://registry.npmjs.org/fdir cache-miss
1164 http fetch GET 200 https://registry.npmjs.org/csso 108ms (cache miss)
1165 silly packumentCache full:https://registry.npmjs.org/csso set size:undefined disposed:false
1166 silly fetch manifest ohash@^2.0.11
1167 silly packumentCache full:https://registry.npmjs.org/ohash cache-miss
1168 http fetch GET 200 https://registry.npmjs.org/css-tree 106ms (cache miss)
1169 silly packumentCache full:https://registry.npmjs.org/css-tree set size:undefined disposed:false
1170 silly fetch manifest undici@^8.0.0
1171 silly packumentCache full:https://registry.npmjs.org/undici cache-miss
1172 http fetch GET 200 https://registry.npmjs.org/picocolors 84ms (cache miss)
1173 silly packumentCache full:https://registry.npmjs.org/picocolors set size:undefined disposed:false
1174 silly fetch manifest css-tree@^3.1.0
1175 silly packumentCache full:https://registry.npmjs.org/css-tree cache-miss
1176 http cache https://registry.npmjs.org/css-tree 9ms (cache hit)
1177 silly packumentCache full:https://registry.npmjs.org/css-tree set size:229638 disposed:false
1178 silly fetch manifest h3@^1.15.10
1179 silly packumentCache full:https://registry.npmjs.org/h3 cache-miss
1180 http fetch GET 200 https://registry.npmjs.org/css-select 113ms (cache miss)
1181 silly packumentCache full:https://registry.npmjs.org/css-select set size:undefined disposed:false
1182 silly fetch manifest ufo@^1.6.3
1183 silly packumentCache full:https://registry.npmjs.org/ufo cache-miss
1184 http cache https://registry.npmjs.org/h3 18ms (cache hit)
1185 silly packumentCache full:https://registry.npmjs.org/h3 set size:491457 disposed:false
1186 silly fetch manifest destr@^2.0.5
1187 silly packumentCache full:https://registry.npmjs.org/destr cache-miss
1188 http fetch GET 200 https://registry.npmjs.org/@img%2fsharp-libvips-linux-ppc64 334ms (cache miss)
1189 silly packumentCache full:https://registry.npmjs.org/@img%2fsharp-libvips-linux-ppc64 set size:undefined disposed:false
1190 silly fetch manifest ofetch@^1.5.1
1191 silly packumentCache full:https://registry.npmjs.org/ofetch cache-miss
1192 http fetch GET 200 https://registry.npmjs.org/commander 157ms (cache miss)
1193 silly packumentCache full:https://registry.npmjs.org/commander set size:undefined disposed:false
1194 silly fetch manifest anymatch@^3.1.3
1195 silly packumentCache full:https://registry.npmjs.org/anymatch cache-miss
1196 http fetch GET 200 https://registry.npmjs.org/fdir 114ms (cache miss)
1197 silly packumentCache full:https://registry.npmjs.org/fdir set size:undefined disposed:false
1198 silly fetch manifest chokidar@^5.0.0
1199 silly packumentCache full:https://registry.npmjs.org/chokidar cache-miss
1200 http fetch GET 200 https://registry.npmjs.org/ohash 104ms (cache miss)
1201 silly packumentCache full:https://registry.npmjs.org/ohash set size:undefined disposed:false
1202 silly fetch manifest lru-cache@^11.2.7
1203 silly packumentCache full:https://registry.npmjs.org/lru-cache cache-miss
1204 http fetch GET 200 https://registry.npmjs.org/ofetch 92ms (cache miss)
1205 silly packumentCache full:https://registry.npmjs.org/ofetch set size:undefined disposed:false
1206 silly fetch manifest node-fetch-native@^1.6.7
1207 silly packumentCache full:https://registry.npmjs.org/node-fetch-native cache-miss
1208 http fetch GET 200 https://registry.npmjs.org/undici 172ms (cache miss)
1209 silly packumentCache full:https://registry.npmjs.org/undici set size:undefined disposed:false
1210 silly fetch manifest postcss@^8.5.28
1211 silly packumentCache full:https://registry.npmjs.org/postcss cache-miss
1212 http fetch GET 200 https://registry.npmjs.org/anymatch 119ms (cache miss)
1213 silly packumentCache full:https://registry.npmjs.org/anymatch set size:undefined disposed:false
1214 silly fetch manifest rolldown@~1.2.9
1215 silly packumentCache full:https://registry.npmjs.org/rolldown cache-miss
1216 http cache https://registry.npmjs.org/postcss 17ms (cache hit)
1217 silly packumentCache full:https://registry.npmjs.org/postcss set size:766699 disposed:false
1218 silly fetch manifest lightningcss@^1.33.0
1219 silly packumentCache full:https://registry.npmjs.org/lightningcss cache-miss
1220 http fetch GET 200 https://registry.npmjs.org/chokidar 133ms (cache miss)
1221 silly packumentCache full:https://registry.npmjs.org/chokidar set size:undefined disposed:false
1222 silly fetch manifest fsevents@~2.3.3
1223 silly packumentCache full:https://registry.npmjs.org/fsevents cache-miss
1224 http fetch GET 200 https://registry.npmjs.org/lru-cache 145ms (cache miss)
1225 silly packumentCache full:https://registry.npmjs.org/lru-cache set size:undefined disposed:false
1226 http fetch GET 200 https://registry.npmjs.org/node-fetch-native 92ms (cache miss)
1227 silly packumentCache full:https://registry.npmjs.org/node-fetch-native set size:undefined disposed:false
1228 http fetch GET 200 https://registry.npmjs.org/ufo 283ms (cache miss)
1229 silly packumentCache full:https://registry.npmjs.org/ufo set size:undefined disposed:false
1230 http fetch GET 200 https://registry.npmjs.org/lightningcss 112ms (cache miss)
1231 silly packumentCache full:https://registry.npmjs.org/lightningcss set size:undefined disposed:false
1232 http fetch GET 200 https://registry.npmjs.org/fsevents 112ms (cache miss)
1233 silly packumentCache full:https://registry.npmjs.org/fsevents set size:undefined disposed:false
1234 http fetch GET 200 https://registry.npmjs.org/destr 301ms (cache miss)
1235 silly packumentCache full:https://registry.npmjs.org/destr set size:undefined disposed:false
1236 http fetch GET 200 https://registry.npmjs.org/rolldown 242ms (cache miss)
1237 silly packumentCache full:https://registry.npmjs.org/rolldown set size:undefined disposed:false
1238 silly placeDep ROOT @astrojs/compiler-binding@0.5.0 OK for: @astrojs/compiler-rs@0.5.0 want: 0.5.0
1239 silly fetch manifest @astrojs/compiler-binding-darwin-x64@0.5.0
1240 silly packumentCache full:https://registry.npmjs.org/@astrojs%2fcompiler-binding-darwin-x64 cache-miss
1241 silly fetch manifest @astrojs/compiler-binding-wasm32-wasi@0.5.0
1242 silly packumentCache full:https://registry.npmjs.org/@astrojs%2fcompiler-binding-wasm32-wasi cache-miss
1243 silly fetch manifest @astrojs/compiler-binding-darwin-arm64@0.5.0
1244 silly packumentCache full:https://registry.npmjs.org/@astrojs%2fcompiler-binding-darwin-arm64 cache-miss
1245 silly fetch manifest @astrojs/compiler-binding-android-arm64@0.5.0
1246 silly packumentCache full:https://registry.npmjs.org/@astrojs%2fcompiler-binding-android-arm64 cache-miss
1247 silly fetch manifest @astrojs/compiler-binding-linux-x64-gnu@0.5.0
1248 silly packumentCache full:https://registry.npmjs.org/@astrojs%2fcompiler-binding-linux-x64-gnu cache-miss
1249 silly fetch manifest @astrojs/compiler-binding-linux-x64-musl@0.5.0
1250 silly packumentCache full:https://registry.npmjs.org/@astrojs%2fcompiler-binding-linux-x64-musl cache-miss
1251 silly fetch manifest @astrojs/compiler-binding-win32-x64-msvc@0.5.0
1252 silly packumentCache full:https://registry.npmjs.org/@astrojs%2fcompiler-binding-win32-x64-msvc cache-miss
1253 http fetch GET 200 https://registry.npmjs.org/@astrojs%2fcompiler-binding-win32-x64-msvc 85ms (cache miss)
1254 silly packumentCache full:https://registry.npmjs.org/@astrojs%2fcompiler-binding-win32-x64-msvc set size:undefined disposed:false
1255 silly fetch manifest @astrojs/compiler-binding-linux-arm64-gnu@0.5.0
1256 silly packumentCache full:https://registry.npmjs.org/@astrojs%2fcompiler-binding-linux-arm64-gnu cache-miss
1257 http fetch GET 200 https://registry.npmjs.org/@astrojs%2fcompiler-binding-darwin-x64 104ms (cache miss)
1258 silly packumentCache full:https://registry.npmjs.org/@astrojs%2fcompiler-binding-darwin-x64 set size:undefined disposed:false
1259 silly fetch manifest @astrojs/compiler-binding-linux-arm64-musl@0.5.0
1260 silly packumentCache full:https://registry.npmjs.org/@astrojs%2fcompiler-binding-linux-arm64-musl cache-miss
1261 http fetch GET 200 https://registry.npmjs.org/@astrojs%2fcompiler-binding-darwin-arm64 132ms (cache miss)
1262 silly packumentCache full:https://registry.npmjs.org/@astrojs%2fcompiler-binding-darwin-arm64 set size:undefined disposed:false
1263 silly fetch manifest @astrojs/compiler-binding-win32-arm64-msvc@0.5.0
1264 silly packumentCache full:https://registry.npmjs.org/@astrojs%2fcompiler-binding-win32-arm64-msvc cache-miss
1265 http fetch GET 200 https://registry.npmjs.org/@astrojs%2fcompiler-binding-linux-x64-gnu 133ms (cache miss)
1266 silly packumentCache full:https://registry.npmjs.org/@astrojs%2fcompiler-binding-linux-x64-gnu set size:undefined disposed:false
1267 http fetch GET 200 https://registry.npmjs.org/@astrojs%2fcompiler-binding-linux-arm64-musl 105ms (cache miss)
1268 silly packumentCache full:https://registry.npmjs.org/@astrojs%2fcompiler-binding-linux-arm64-musl set size:undefined disposed:false
1269 http fetch GET 200 https://registry.npmjs.org/@astrojs%2fcompiler-binding-win32-arm64-msvc 118ms (cache miss)
1270 silly packumentCache full:https://registry.npmjs.org/@astrojs%2fcompiler-binding-win32-arm64-msvc set size:undefined disposed:false
1271 http fetch GET 200 https://registry.npmjs.org/@astrojs%2fcompiler-binding-wasm32-wasi 279ms (cache miss)
1272 silly packumentCache full:https://registry.npmjs.org/@astrojs%2fcompiler-binding-wasm32-wasi set size:undefined disposed:false
1273 http fetch GET 200 https://registry.npmjs.org/@astrojs%2fcompiler-binding-linux-x64-musl 366ms (cache miss)
1274 silly packumentCache full:https://registry.npmjs.org/@astrojs%2fcompiler-binding-linux-x64-musl set size:undefined disposed:false
1275 http fetch GET 200 https://registry.npmjs.org/@astrojs%2fcompiler-binding-android-arm64 471ms (cache miss)
1276 silly packumentCache full:https://registry.npmjs.org/@astrojs%2fcompiler-binding-android-arm64 set size:undefined disposed:false
1277 http fetch GET 200 https://registry.npmjs.org/@astrojs%2fcompiler-binding-linux-arm64-gnu 460ms (cache miss)
1278 silly packumentCache full:https://registry.npmjs.org/@astrojs%2fcompiler-binding-linux-arm64-gnu set size:undefined disposed:false
1279 silly placeDep ROOT @astrojs/compiler-binding-android-arm64@0.5.0 OK for: @astrojs/compiler-binding@0.5.0 want: 0.5.0
1280 silly placeDep ROOT @astrojs/compiler-binding-darwin-arm64@0.5.0 OK for: @astrojs/compiler-binding@0.5.0 want: 0.5.0
1281 silly placeDep ROOT @astrojs/compiler-binding-darwin-x64@0.5.0 OK for: @astrojs/compiler-binding@0.5.0 want: 0.5.0
1282 silly placeDep ROOT @astrojs/compiler-binding-linux-arm64-gnu@0.5.0 OK for: @astrojs/compiler-binding@0.5.0 want: 0.5.0
1283 silly placeDep ROOT @astrojs/compiler-binding-linux-arm64-musl@0.5.0 OK for: @astrojs/compiler-binding@0.5.0 want: 0.5.0
1284 silly placeDep ROOT @astrojs/compiler-binding-linux-x64-gnu@0.5.0 OK for: @astrojs/compiler-binding@0.5.0 want: 0.5.0
1285 silly placeDep ROOT @astrojs/compiler-binding-linux-x64-musl@0.5.0 OK for: @astrojs/compiler-binding@0.5.0 want: 0.5.0
1286 silly placeDep ROOT @astrojs/compiler-binding-wasm32-wasi@0.5.0 OK for: @astrojs/compiler-binding@0.5.0 want: 0.5.0
1287 silly placeDep ROOT @astrojs/compiler-binding-win32-arm64-msvc@0.5.0 OK for: @astrojs/compiler-binding@0.5.0 want: 0.5.0
1288 silly placeDep ROOT @astrojs/compiler-binding-win32-x64-msvc@0.5.0 OK for: @astrojs/compiler-binding@0.5.0 want: 0.5.0
1289 silly fetch manifest @emnapi/core@1.11.3
1290 silly packumentCache full:https://registry.npmjs.org/@emnapi%2fcore cache-miss
1291 silly fetch manifest @emnapi/runtime@1.11.3
1292 silly packumentCache full:https://registry.npmjs.org/@emnapi%2fruntime cache-miss
1293 silly fetch manifest @napi-rs/wasm-runtime@^1.2.4
1294 silly packumentCache full:https://registry.npmjs.org/@napi-rs%2fwasm-runtime cache-miss
1295 http fetch GET 200 https://registry.npmjs.org/@emnapi%2fcore 95ms (cache miss)
1296 silly packumentCache full:https://registry.npmjs.org/@emnapi%2fcore set size:undefined disposed:false
1297 http fetch GET 200 https://registry.npmjs.org/@emnapi%2fruntime 104ms (cache miss)
1298 silly packumentCache full:https://registry.npmjs.org/@emnapi%2fruntime set size:undefined disposed:false
1299 http fetch GET 200 https://registry.npmjs.org/@napi-rs%2fwasm-runtime 111ms (cache miss)
1300 silly packumentCache full:https://registry.npmjs.org/@napi-rs%2fwasm-runtime set size:undefined disposed:false
1301 silly placeDep ROOT @emnapi/core@1.11.3 OK for: @astrojs/compiler-binding-wasm32-wasi@0.5.0 want: 1.11.3
1302 silly placeDep ROOT @emnapi/runtime@1.11.3 OK for: @astrojs/compiler-binding-wasm32-wasi@0.5.0 want: 1.11.3
1303 silly placeDep ROOT @napi-rs/wasm-runtime@1.2.4 OK for: @astrojs/compiler-binding-wasm32-wasi@0.5.0 want: ^1.2.4
1304 silly fetch manifest tslib@^2.4.0
1305 silly packumentCache full:https://registry.npmjs.org/tslib cache-miss
1306 silly fetch manifest @emnapi/wasi-threads@1.2.3
1307 silly packumentCache full:https://registry.npmjs.org/@emnapi%2fwasi-threads cache-miss
1308 silly fetch manifest tslib@^2.4.0
1309 silly packumentCache full:https://registry.npmjs.org/tslib cache-miss
1310 silly fetch manifest @tybys/wasm-util@^0.10.3
1311 silly packumentCache full:https://registry.npmjs.org/@tybys%2fwasm-util cache-miss
1312 http fetch GET 200 https://registry.npmjs.org/tslib 76ms (cache miss)
1313 silly packumentCache full:https://registry.npmjs.org/tslib set size:undefined disposed:false
1314 http fetch GET 200 https://registry.npmjs.org/tslib 97ms (cache miss)
1315 silly packumentCache full:https://registry.npmjs.org/tslib set size:undefined disposed:false
1316 http fetch GET 200 https://registry.npmjs.org/@tybys%2fwasm-util 110ms (cache miss)
1317 silly packumentCache full:https://registry.npmjs.org/@tybys%2fwasm-util set size:undefined disposed:false
1318 http fetch GET 200 https://registry.npmjs.org/@emnapi%2fwasi-threads 111ms (cache miss)
1319 silly packumentCache full:https://registry.npmjs.org/@emnapi%2fwasi-threads set size:undefined disposed:false
1320 silly placeDep ROOT is-docker@4.0.0 OK for: @astrojs/telemetry@3.3.3 want: ^4.0.0
1321 silly placeDep ROOT fontkitten@1.0.3 OK for: @capsizecss/unpack@4.0.1 want: ^1.0.3
1322 silly fetch manifest tiny-inflate@^1.0.3
1323 silly packumentCache full:https://registry.npmjs.org/tiny-inflate cache-miss
1324 http fetch GET 200 https://registry.npmjs.org/tiny-inflate 73ms (cache miss)
1325 silly packumentCache full:https://registry.npmjs.org/tiny-inflate set size:undefined disposed:false
1326 silly placeDep ROOT @clack/core@1.5.1 OK for: @clack/prompts@1.8.1 want: 1.5.1
1327 silly placeDep ROOT fast-string-width@3.0.2 OK for: @clack/prompts@1.8.1 want: ^3.0.2
1328 silly placeDep ROOT fast-wrap-ansi@0.2.2 OK for: @clack/prompts@1.8.1 want: ^0.2.0
1329 silly placeDep ROOT sisteransi@1.0.5 OK for: @clack/prompts@1.8.1 want: ^1.0.5
1330 silly fetch manifest fast-string-truncated-width@^3.0.2
1331 silly packumentCache full:https://registry.npmjs.org/fast-string-truncated-width cache-miss
1332 http fetch GET 200 https://registry.npmjs.org/fast-string-truncated-width 82ms (cache miss)
1333 silly packumentCache full:https://registry.npmjs.org/fast-string-truncated-width set size:undefined disposed:false
1334 silly placeDep ROOT @emnapi/wasi-threads@1.2.3 OK for: @emnapi/core@1.11.3 want: 1.2.3
1335 silly placeDep ROOT tslib@2.8.1 OK for: @emnapi/core@1.11.3 want: ^2.4.0
1336 silly placeDep ROOT @tybys/wasm-util@0.10.4 OK for: @napi-rs/wasm-runtime@1.2.4 want: ^0.10.3
1337 silly placeDep ROOT process-ancestry@0.1.0 OK for: am-i-vibing@0.4.0 want: ^0.1.0
1338 silly placeDep ROOT @esbuild/aix-ppc64@0.28.2 OK for: esbuild@0.28.2 want: 0.28.2
1339 silly placeDep ROOT @esbuild/android-arm@0.28.2 OK for: esbuild@0.28.2 want: 0.28.2
1340 silly placeDep ROOT @esbuild/android-arm64@0.28.2 OK for: esbuild@0.28.2 want: 0.28.2
1341 silly placeDep ROOT @esbuild/android-x64@0.28.2 OK for: esbuild@0.28.2 want: 0.28.2
1342 silly placeDep ROOT @esbuild/darwin-arm64@0.28.2 OK for: esbuild@0.28.2 want: 0.28.2
1343 silly placeDep ROOT @esbuild/darwin-x64@0.28.2 OK for: esbuild@0.28.2 want: 0.28.2
1344 silly placeDep ROOT @esbuild/freebsd-arm64@0.28.2 OK for: esbuild@0.28.2 want: 0.28.2
1345 silly placeDep ROOT @esbuild/freebsd-x64@0.28.2 OK for: esbuild@0.28.2 want: 0.28.2
1346 silly placeDep ROOT @esbuild/linux-arm@0.28.2 OK for: esbuild@0.28.2 want: 0.28.2
1347 silly placeDep ROOT @esbuild/linux-arm64@0.28.2 OK for: esbuild@0.28.2 want: 0.28.2
1348 silly placeDep ROOT @esbuild/linux-ia32@0.28.2 OK for: esbuild@0.28.2 want: 0.28.2
1349 silly placeDep ROOT @esbuild/linux-loong64@0.28.2 OK for: esbuild@0.28.2 want: 0.28.2
1350 silly placeDep ROOT @esbuild/linux-mips64el@0.28.2 OK for: esbuild@0.28.2 want: 0.28.2
1351 silly placeDep ROOT @esbuild/linux-ppc64@0.28.2 OK for: esbuild@0.28.2 want: 0.28.2
1352 silly placeDep ROOT @esbuild/linux-riscv64@0.28.2 OK for: esbuild@0.28.2 want: 0.28.2
1353 silly placeDep ROOT @esbuild/linux-s390x@0.28.2 OK for: esbuild@0.28.2 want: 0.28.2
1354 silly placeDep ROOT @esbuild/linux-x64@0.28.2 OK for: esbuild@0.28.2 want: 0.28.2
1355 silly placeDep ROOT @esbuild/netbsd-arm64@0.28.2 OK for: esbuild@0.28.2 want: 0.28.2
1356 silly placeDep ROOT @esbuild/netbsd-x64@0.28.2 OK for: esbuild@0.28.2 want: 0.28.2
1357 silly placeDep ROOT @esbuild/openbsd-arm64@0.28.2 OK for: esbuild@0.28.2 want: 0.28.2
1358 silly placeDep ROOT @esbuild/openbsd-x64@0.28.2 OK for: esbuild@0.28.2 want: 0.28.2
1359 silly placeDep ROOT @esbuild/openharmony-arm64@0.28.2 OK for: esbuild@0.28.2 want: 0.28.2
1360 silly placeDep ROOT @esbuild/sunos-x64@0.28.2 OK for: esbuild@0.28.2 want: 0.28.2
1361 silly placeDep ROOT @esbuild/win32-arm64@0.28.2 OK for: esbuild@0.28.2 want: 0.28.2
1362 silly placeDep ROOT @esbuild/win32-ia32@0.28.2 OK for: esbuild@0.28.2 want: 0.28.2
1363 silly placeDep ROOT @esbuild/win32-x64@0.28.2 OK for: esbuild@0.28.2 want: 0.28.2
1364 silly placeDep ROOT fast-string-truncated-width@3.0.3 OK for: fast-string-width@3.0.2 want: ^3.0.2
1365 silly placeDep ROOT @nodable/entities@3.0.0 OK for: fast-xml-parser@5.11.1 want: ^3.0.0
1366 silly placeDep ROOT fast-xml-builder@1.3.1 OK for: fast-xml-parser@5.11.1 want: ^1.2.0
1367 silly placeDep ROOT is-unsafe@2.0.2 OK for: fast-xml-parser@5.11.1 want: ^2.0.0
1368 silly placeDep ROOT path-expression-matcher@1.6.2 OK for: fast-xml-parser@5.11.1 want: ^1.6.2
1369 silly placeDep ROOT strnum@2.4.2 OK for: fast-xml-parser@5.11.1 want: ^2.4.2
1370 silly placeDep ROOT xml-naming@0.3.0 OK for: fast-xml-parser@5.11.1 want: ^0.3.0
1371 silly fetch manifest anynum@^1.0.1
1372 silly packumentCache full:https://registry.npmjs.org/anynum cache-miss
1373 http fetch GET 200 https://registry.npmjs.org/anynum 75ms (cache miss)
1374 silly packumentCache full:https://registry.npmjs.org/anynum set size:undefined disposed:false
1375 silly placeDep ROOT tiny-inflate@1.0.3 OK for: fontkitten@1.0.3 want: ^1.0.3
1376 silly placeDep ROOT resolve-pkg-maps@1.0.0 OK for: get-tsconfig@5.0.0-beta.4 want: ^1.0.0
1377 silly placeDep ROOT argparse@2.0.1 OK for: js-yaml@4.3.2 want: ^2.0.1
1378 silly placeDep ROOT @jridgewell/sourcemap-codec@1.6.0 OK for: magic-string@1.4.2 want: ^1.6.0
1379 silly placeDep ROOT @babel/parser@7.29.9 OK for: magicast@0.5.5 want: ^7.29.7
1380 silly placeDep ROOT @babel/types@7.29.8 OK for: magicast@0.5.5 want: ^7.29.7
1381 silly placeDep ROOT source-map-js@1.2.1 OK for: magicast@0.5.5 want: ^1.2.1
1382 silly fetch manifest @babel/types@^7.29.8
1383 silly packumentCache full:https://registry.npmjs.org/@babel%2ftypes cache-miss
1384 silly fetch manifest @babel/helper-string-parser@^7.29.7
1385 silly packumentCache full:https://registry.npmjs.org/@babel%2fhelper-string-parser cache-miss
1386 silly fetch manifest @babel/helper-validator-identifier@^7.29.7
1387 silly packumentCache full:https://registry.npmjs.org/@babel%2fhelper-validator-identifier cache-miss
1388 http cache https://registry.npmjs.org/@babel%2ftypes 9ms (cache hit)
1389 silly packumentCache full:https://registry.npmjs.org/@babel%2ftypes set size:507562 disposed:false
1390 http fetch GET 200 https://registry.npmjs.org/@babel%2fhelper-string-parser 81ms (cache miss)
1391 silly packumentCache full:https://registry.npmjs.org/@babel%2fhelper-string-parser set size:undefined disposed:false
1392 http fetch GET 200 https://registry.npmjs.org/@babel%2fhelper-validator-identifier 102ms (cache miss)
1393 silly packumentCache full:https://registry.npmjs.org/@babel%2fhelper-validator-identifier set size:undefined disposed:false
1394 silly placeDep ROOT @babel/helper-string-parser@7.29.7 OK for: @babel/types@7.29.8 want: ^7.29.7
1395 silly placeDep ROOT @babel/helper-validator-identifier@7.29.7 OK for: @babel/types@7.29.8 want: ^7.29.7
1396 silly placeDep ROOT yocto-queue@1.2.2 OK for: p-limit@7.3.3 want: ^1.2.1
1397 silly placeDep ROOT eventemitter3@5.0.4 OK for: p-queue@9.3.3 want: ^5.0.4
1398 silly placeDep ROOT p-timeout@7.0.2 OK for: p-queue@9.3.3 want: ^7.0.0
1399 silly placeDep ROOT @types/nlcst@2.0.3 OK for: retext-smartypants@6.2.0 want: ^2.0.0
1400 silly placeDep ROOT nlcst-to-string@4.0.0 OK for: retext-smartypants@6.2.0 want: ^4.0.0
1401 silly placeDep ROOT unist-util-visit@5.1.0 OK for: retext-smartypants@6.2.0 want: ^5.0.0
1402 silly fetch manifest unist-util-is@^6.0.0
1403 silly packumentCache full:https://registry.npmjs.org/unist-util-is cache-miss
1404 silly fetch manifest unist-util-visit-parents@^6.0.0
1405 silly packumentCache full:https://registry.npmjs.org/unist-util-visit-parents cache-miss
1406 http fetch GET 200 https://registry.npmjs.org/unist-util-is 74ms (cache miss)
1407 silly packumentCache full:https://registry.npmjs.org/unist-util-is set size:undefined disposed:false
1408 http fetch GET 200 https://registry.npmjs.org/unist-util-visit-parents 105ms (cache miss)
1409 silly packumentCache full:https://registry.npmjs.org/unist-util-visit-parents set size:undefined disposed:false
1410 silly placeDep ROOT @bruits/satteri-darwin-arm64@0.10.5 OK for: satteri@0.10.5 want: 0.10.5
1411 silly placeDep ROOT @bruits/satteri-darwin-x64@0.10.5 OK for: satteri@0.10.5 want: 0.10.5
1412 silly placeDep ROOT @bruits/satteri-linux-arm64-gnu@0.10.5 OK for: satteri@0.10.5 want: 0.10.5
1413 silly placeDep ROOT @bruits/satteri-linux-arm64-musl@0.10.5 OK for: satteri@0.10.5 want: 0.10.5
1414 silly placeDep ROOT @bruits/satteri-linux-x64-gnu@0.10.5 OK for: satteri@0.10.5 want: 0.10.5
1415 silly placeDep ROOT @bruits/satteri-linux-x64-musl@0.10.5 OK for: satteri@0.10.5 want: 0.10.5
1416 silly placeDep ROOT @bruits/satteri-wasm32-wasi@0.10.5 OK for: satteri@0.10.5 want: 0.10.5
1417 silly placeDep ROOT @bruits/satteri-win32-arm64-msvc@0.10.5 OK for: satteri@0.10.5 want: 0.10.5
1418 silly placeDep ROOT @bruits/satteri-win32-x64-msvc@0.10.5 OK for: satteri@0.10.5 want: 0.10.5
1419 silly placeDep ROOT @types/estree-jsx@1.0.5 OK for: satteri@0.10.5 want: ^1.0.5
1420 silly fetch manifest @emnapi/core@1.11.1
1421 silly packumentCache full:https://registry.npmjs.org/@emnapi%2fcore cache-miss
1422 silly fetch manifest @emnapi/runtime@1.11.1
1423 silly packumentCache full:https://registry.npmjs.org/@emnapi%2fruntime cache-miss
1424 silly fetch manifest @types/estree@*
1425 silly packumentCache full:https://registry.npmjs.org/@types%2festree cache-miss
1426 http cache https://registry.npmjs.org/@emnapi%2fcore 7ms (cache hit)
1427 silly packumentCache full:https://registry.npmjs.org/@emnapi%2fcore set size:126418 disposed:false
1428 http cache https://registry.npmjs.org/@emnapi%2fruntime 10ms (cache hit)
1429 silly packumentCache full:https://registry.npmjs.org/@emnapi%2fruntime set size:127256 disposed:false
1430 http fetch GET 200 https://registry.npmjs.org/@types%2festree 81ms (cache miss)
1431 silly packumentCache full:https://registry.npmjs.org/@types%2festree set size:undefined disposed:false
1432 silly placeDep node_modules/@bruits/satteri-wasm32-wasi @emnapi/core@1.11.1 OK for: @bruits/satteri-wasm32-wasi@0.10.5 want: 1.11.1
1433 silly placeDep node_modules/@bruits/satteri-wasm32-wasi @emnapi/runtime@1.11.1 OK for: @bruits/satteri-wasm32-wasi@0.10.5 want: 1.11.1
1434 silly fetch manifest @emnapi/wasi-threads@1.2.2
1435 silly packumentCache full:https://registry.npmjs.org/@emnapi%2fwasi-threads cache-miss
1436 http cache https://registry.npmjs.org/@emnapi%2fwasi-threads 6ms (cache hit)
1437 silly packumentCache full:https://registry.npmjs.org/@emnapi%2fwasi-threads set size:35327 disposed:false
1438 silly placeDep ROOT @types/estree@1.0.9 OK for: @types/estree-jsx@1.0.5 want: *
1439 silly placeDep ROOT @img/colour@1.1.0 OK for: sharp@0.35.4 want: ^1.1.0
1440 silly placeDep ROOT @img/sharp-darwin-arm64@0.35.4 OK for: sharp@0.35.4 want: 0.35.4
1441 silly placeDep ROOT @img/sharp-darwin-x64@0.35.4 OK for: sharp@0.35.4 want: 0.35.4
1442 silly placeDep ROOT @img/sharp-freebsd-wasm32@0.35.4 OK for: sharp@0.35.4 want: 0.35.4
1443 silly placeDep ROOT @img/sharp-libvips-darwin-arm64@1.3.3 OK for: sharp@0.35.4 want: 1.3.3
1444 silly placeDep ROOT @img/sharp-libvips-darwin-x64@1.3.3 OK for: sharp@0.35.4 want: 1.3.3
1445 silly placeDep ROOT @img/sharp-libvips-linux-arm@1.3.3 OK for: sharp@0.35.4 want: 1.3.3
1446 silly placeDep ROOT @img/sharp-libvips-linux-arm64@1.3.3 OK for: sharp@0.35.4 want: 1.3.3
1447 silly placeDep ROOT @img/sharp-libvips-linux-ppc64@1.3.3 OK for: sharp@0.35.4 want: 1.3.3
1448 silly placeDep ROOT @img/sharp-libvips-linux-riscv64@1.3.3 OK for: sharp@0.35.4 want: 1.3.3
1449 silly placeDep ROOT @img/sharp-libvips-linux-s390x@1.3.3 OK for: sharp@0.35.4 want: 1.3.3
1450 silly placeDep ROOT @img/sharp-libvips-linux-x64@1.3.3 OK for: sharp@0.35.4 want: 1.3.3
1451 silly placeDep ROOT @img/sharp-libvips-linuxmusl-arm64@1.3.3 OK for: sharp@0.35.4 want: 1.3.3
1452 silly placeDep ROOT @img/sharp-libvips-linuxmusl-x64@1.3.3 OK for: sharp@0.35.4 want: 1.3.3
1453 silly placeDep ROOT @img/sharp-linux-arm@0.35.4 OK for: sharp@0.35.4 want: 0.35.4
1454 silly placeDep ROOT @img/sharp-linux-arm64@0.35.4 OK for: sharp@0.35.4 want: 0.35.4
1455 silly placeDep ROOT @img/sharp-linux-ppc64@0.35.4 OK for: sharp@0.35.4 want: 0.35.4
1456 silly placeDep ROOT @img/sharp-linux-riscv64@0.35.4 OK for: sharp@0.35.4 want: 0.35.4
1457 silly placeDep ROOT @img/sharp-linux-s390x@0.35.4 OK for: sharp@0.35.4 want: 0.35.4
1458 silly placeDep ROOT @img/sharp-linux-x64@0.35.4 OK for: sharp@0.35.4 want: 0.35.4
1459 silly placeDep ROOT @img/sharp-linuxmusl-arm64@0.35.4 OK for: sharp@0.35.4 want: 0.35.4
1460 silly placeDep ROOT @img/sharp-linuxmusl-x64@0.35.4 OK for: sharp@0.35.4 want: 0.35.4
1461 silly placeDep ROOT @img/sharp-webcontainers-wasm32@0.35.4 OK for: sharp@0.35.4 want: 0.35.4
1462 silly placeDep ROOT @img/sharp-win32-arm64@0.35.4 OK for: sharp@0.35.4 want: 0.35.4
1463 silly placeDep ROOT @img/sharp-win32-ia32@0.35.4 OK for: sharp@0.35.4 want: 0.35.4
1464 silly placeDep ROOT @img/sharp-win32-x64@0.35.4 OK for: sharp@0.35.4 want: 0.35.4
1465 silly placeDep ROOT detect-libc@2.1.2 OK for: sharp@0.35.4 want: ^2.1.2
1466 silly placeDep ROOT semver@7.8.5 OK for: sharp@0.35.4 want: ^7.8.5
1467 silly fetch manifest @img/sharp-wasm32@0.35.4
1468 silly packumentCache full:https://registry.npmjs.org/@img%2fsharp-wasm32 cache-miss
1469 silly fetch manifest @img/sharp-wasm32@0.35.4
1470 silly packumentCache full:https://registry.npmjs.org/@img%2fsharp-wasm32 cache-miss
1471 http fetch GET 200 https://registry.npmjs.org/@img%2fsharp-wasm32 90ms (cache miss)
1472 silly packumentCache full:https://registry.npmjs.org/@img%2fsharp-wasm32 set size:undefined disposed:false
1473 http fetch GET 200 https://registry.npmjs.org/@img%2fsharp-wasm32 100ms (cache miss)
1474 silly packumentCache full:https://registry.npmjs.org/@img%2fsharp-wasm32 set size:undefined disposed:false
1475 silly placeDep ROOT @img/sharp-wasm32@0.35.4 OK for: @img/sharp-freebsd-wasm32@0.35.4 want: 0.35.4
1476 silly placeDep ROOT @shikijs/core@4.4.3 OK for: shiki@4.4.3 want: 4.4.3
1477 silly placeDep ROOT @shikijs/engine-javascript@4.4.3 OK for: shiki@4.4.3 want: 4.4.3
1478 silly placeDep ROOT @shikijs/engine-oniguruma@4.4.3 OK for: shiki@4.4.3 want: 4.4.3
1479 silly placeDep ROOT @shikijs/langs@4.4.3 OK for: shiki@4.4.3 want: 4.4.3
1480 silly placeDep ROOT @shikijs/themes@4.4.3 OK for: shiki@4.4.3 want: 4.4.3
1481 silly placeDep ROOT @shikijs/types@4.4.3 OK for: shiki@4.4.3 want: 4.4.3
1482 silly placeDep ROOT @shikijs/vscode-textmate@10.0.2 OK for: shiki@4.4.3 want: ^10.0.2
1483 silly fetch manifest hast-util-to-html@^9.0.5
1484 silly packumentCache full:https://registry.npmjs.org/hast-util-to-html cache-miss
1485 silly fetch manifest @shikijs/primitive@4.4.3
1486 silly packumentCache full:https://registry.npmjs.org/@shikijs%2fprimitive cache-miss
1487 silly fetch manifest oniguruma-to-es@^4.3.6
1488 silly packumentCache full:https://registry.npmjs.org/oniguruma-to-es cache-miss
1489 http fetch GET 200 https://registry.npmjs.org/hast-util-to-html 77ms (cache miss)
1490 silly packumentCache full:https://registry.npmjs.org/hast-util-to-html set size:undefined disposed:false
1491 http fetch GET 200 https://registry.npmjs.org/oniguruma-to-es 86ms (cache miss)
1492 silly packumentCache full:https://registry.npmjs.org/oniguruma-to-es set size:undefined disposed:false
1493 http fetch GET 200 https://registry.npmjs.org/@shikijs%2fprimitive 113ms (cache miss)
1494 silly packumentCache full:https://registry.npmjs.org/@shikijs%2fprimitive set size:undefined disposed:false
1495 silly placeDep ROOT @shikijs/primitive@4.4.3 OK for: @shikijs/core@4.4.3 want: 4.4.3
1496 silly placeDep ROOT hast-util-to-html@9.0.5 OK for: @shikijs/core@4.4.3 want: ^9.0.5
1497 silly fetch manifest ccount@^2.0.0
1498 silly packumentCache full:https://registry.npmjs.org/ccount cache-miss
1499 silly fetch manifest comma-separated-tokens@^2.0.0
1500 silly packumentCache full:https://registry.npmjs.org/comma-separated-tokens cache-miss
1501 silly fetch manifest hast-util-whitespace@^3.0.0
1502 silly packumentCache full:https://registry.npmjs.org/hast-util-whitespace cache-miss
1503 silly fetch manifest html-void-elements@^3.0.0
1504 silly packumentCache full:https://registry.npmjs.org/html-void-elements cache-miss
1505 silly fetch manifest mdast-util-to-hast@^13.0.0
1506 silly packumentCache full:https://registry.npmjs.org/mdast-util-to-hast cache-miss
1507 silly fetch manifest property-information@^7.0.0
1508 silly packumentCache full:https://registry.npmjs.org/property-information cache-miss
1509 silly fetch manifest space-separated-tokens@^2.0.0
1510 silly packumentCache full:https://registry.npmjs.org/space-separated-tokens cache-miss
1511 http fetch GET 200 https://registry.npmjs.org/comma-separated-tokens 77ms (cache miss)
1512 silly packumentCache full:https://registry.npmjs.org/comma-separated-tokens set size:undefined disposed:false
1513 silly fetch manifest stringify-entities@^4.0.0
1514 silly packumentCache full:https://registry.npmjs.org/stringify-entities cache-miss
1515 http fetch GET 200 https://registry.npmjs.org/hast-util-whitespace 84ms (cache miss)
1516 silly packumentCache full:https://registry.npmjs.org/hast-util-whitespace set size:undefined disposed:false
1517 silly fetch manifest zwitch@^2.0.4
1518 silly packumentCache full:https://registry.npmjs.org/zwitch cache-miss
1519 http fetch GET 200 https://registry.npmjs.org/html-void-elements 106ms (cache miss)
1520 silly packumentCache full:https://registry.npmjs.org/html-void-elements set size:undefined disposed:false
1521 http fetch GET 200 https://registry.npmjs.org/mdast-util-to-hast 110ms (cache miss)
1522 silly packumentCache full:https://registry.npmjs.org/mdast-util-to-hast set size:undefined disposed:false
1523 http fetch GET 200 https://registry.npmjs.org/ccount 123ms (cache miss)
1524 silly packumentCache full:https://registry.npmjs.org/ccount set size:undefined disposed:false
1525 http fetch GET 200 https://registry.npmjs.org/property-information 123ms (cache miss)
1526 silly packumentCache full:https://registry.npmjs.org/property-information set size:undefined disposed:false
1527 http fetch GET 200 https://registry.npmjs.org/stringify-entities 77ms (cache miss)
1528 silly packumentCache full:https://registry.npmjs.org/stringify-entities set size:undefined disposed:false
1529 http fetch GET 200 https://registry.npmjs.org/zwitch 77ms (cache miss)
1530 silly packumentCache full:https://registry.npmjs.org/zwitch set size:undefined disposed:false
1531 http fetch GET 200 https://registry.npmjs.org/space-separated-tokens 237ms (cache miss)
1532 silly packumentCache full:https://registry.npmjs.org/space-separated-tokens set size:undefined disposed:false
1533 silly placeDep ROOT oniguruma-to-es@4.3.6 OK for: @shikijs/engine-javascript@4.4.3 want: ^4.3.6
1534 silly fetch manifest oniguruma-parser@^0.12.2
1535 silly packumentCache full:https://registry.npmjs.org/oniguruma-parser cache-miss
1536 silly fetch manifest regex@^6.1.0
1537 silly packumentCache full:https://registry.npmjs.org/regex cache-miss
1538 silly fetch manifest regex-recursion@^6.0.2
1539 silly packumentCache full:https://registry.npmjs.org/regex-recursion cache-miss
1540 http fetch GET 200 https://registry.npmjs.org/regex 82ms (cache miss)
1541 silly packumentCache full:https://registry.npmjs.org/regex set size:undefined disposed:false
1542 http fetch GET 200 https://registry.npmjs.org/regex-recursion 92ms (cache miss)
1543 silly packumentCache full:https://registry.npmjs.org/regex-recursion set size:undefined disposed:false
1544 http fetch GET 200 https://registry.npmjs.org/oniguruma-parser 97ms (cache miss)
1545 silly packumentCache full:https://registry.npmjs.org/oniguruma-parser set size:undefined disposed:false
1546 silly placeDep ROOT ccount@2.0.1 OK for: hast-util-to-html@9.0.5 want: ^2.0.0
1547 silly placeDep ROOT comma-separated-tokens@2.0.3 OK for: hast-util-to-html@9.0.5 want: ^2.0.0
1548 silly placeDep ROOT hast-util-whitespace@3.0.0 OK for: hast-util-to-html@9.0.5 want: ^3.0.0
1549 silly placeDep ROOT html-void-elements@3.0.0 OK for: hast-util-to-html@9.0.5 want: ^3.0.0
1550 silly placeDep ROOT mdast-util-to-hast@13.2.1 OK for: hast-util-to-html@9.0.5 want: ^13.0.0
1551 silly placeDep ROOT property-information@7.2.0 OK for: hast-util-to-html@9.0.5 want: ^7.0.0
1552 silly placeDep ROOT space-separated-tokens@2.0.2 OK for: hast-util-to-html@9.0.5 want: ^2.0.0
1553 silly placeDep ROOT stringify-entities@4.0.4 OK for: hast-util-to-html@9.0.5 want: ^4.0.0
1554 silly placeDep ROOT zwitch@2.0.4 OK for: hast-util-to-html@9.0.5 want: ^2.0.4
1555 silly fetch manifest @ungap/structured-clone@^1.0.0
1556 silly packumentCache full:https://registry.npmjs.org/@ungap%2fstructured-clone cache-miss
1557 silly fetch manifest micromark-util-sanitize-uri@^2.0.0
1558 silly packumentCache full:https://registry.npmjs.org/micromark-util-sanitize-uri cache-miss
1559 silly fetch manifest trim-lines@^3.0.0
1560 silly packumentCache full:https://registry.npmjs.org/trim-lines cache-miss
1561 silly fetch manifest unist-util-position@^5.0.0
1562 silly packumentCache full:https://registry.npmjs.org/unist-util-position cache-miss
1563 silly fetch manifest character-entities-html4@^2.0.0
1564 silly packumentCache full:https://registry.npmjs.org/character-entities-html4 cache-miss
1565 silly fetch manifest character-entities-legacy@^3.0.0
1566 silly packumentCache full:https://registry.npmjs.org/character-entities-legacy cache-miss
1567 http fetch GET 200 https://registry.npmjs.org/character-entities-html4 85ms (cache miss)
1568 silly packumentCache full:https://registry.npmjs.org/character-entities-html4 set size:undefined disposed:false
1569 http fetch GET 200 https://registry.npmjs.org/trim-lines 87ms (cache miss)
1570 silly packumentCache full:https://registry.npmjs.org/trim-lines set size:undefined disposed:false
1571 http fetch GET 200 https://registry.npmjs.org/character-entities-legacy 90ms (cache miss)
1572 silly packumentCache full:https://registry.npmjs.org/character-entities-legacy set size:undefined disposed:false
1573 http fetch GET 200 https://registry.npmjs.org/@ungap%2fstructured-clone 99ms (cache miss)
1574 silly packumentCache full:https://registry.npmjs.org/@ungap%2fstructured-clone set size:undefined disposed:false
1575 http fetch GET 200 https://registry.npmjs.org/unist-util-position 251ms (cache miss)
1576 silly packumentCache full:https://registry.npmjs.org/unist-util-position set size:undefined disposed:false
1577 http fetch GET 200 https://registry.npmjs.org/micromark-util-sanitize-uri 256ms (cache miss)
1578 silly packumentCache full:https://registry.npmjs.org/micromark-util-sanitize-uri set size:undefined disposed:false
1579 silly placeDep ROOT @ungap/structured-clone@1.4.0 OK for: mdast-util-to-hast@13.2.1 want: ^1.0.0
1580 silly placeDep ROOT devlop@1.1.0 OK for: mdast-util-to-hast@13.2.1 want: ^1.0.0
1581 silly placeDep ROOT micromark-util-sanitize-uri@2.0.1 OK for: mdast-util-to-hast@13.2.1 want: ^2.0.0
1582 silly placeDep ROOT trim-lines@3.0.1 OK for: mdast-util-to-hast@13.2.1 want: ^3.0.0
1583 silly placeDep ROOT unist-util-position@5.0.0 OK for: mdast-util-to-hast@13.2.1 want: ^5.0.0
1584 silly placeDep ROOT vfile@6.0.3 OK for: mdast-util-to-hast@13.2.1 want: ^6.0.0
1585 silly fetch manifest dequal@^2.0.0
1586 silly packumentCache full:https://registry.npmjs.org/dequal cache-miss
1587 silly fetch manifest micromark-util-character@^2.0.0
1588 silly packumentCache full:https://registry.npmjs.org/micromark-util-character cache-miss
1589 silly fetch manifest micromark-util-encode@^2.0.0
1590 silly packumentCache full:https://registry.npmjs.org/micromark-util-encode cache-miss
1591 silly fetch manifest micromark-util-symbol@^2.0.0
1592 silly packumentCache full:https://registry.npmjs.org/micromark-util-symbol cache-miss
1593 silly fetch manifest vfile-message@^4.0.0
1594 silly packumentCache full:https://registry.npmjs.org/vfile-message cache-miss
1595 http fetch GET 200 https://registry.npmjs.org/micromark-util-character 74ms (cache miss)
1596 silly packumentCache full:https://registry.npmjs.org/micromark-util-character set size:undefined disposed:false
1597 http fetch GET 200 https://registry.npmjs.org/vfile-message 83ms (cache miss)
1598 silly packumentCache full:https://registry.npmjs.org/vfile-message set size:undefined disposed:false
1599 http fetch GET 200 https://registry.npmjs.org/dequal 87ms (cache miss)
1600 silly packumentCache full:https://registry.npmjs.org/dequal set size:undefined disposed:false
1601 http fetch GET 200 https://registry.npmjs.org/micromark-util-encode 270ms (cache miss)
1602 silly packumentCache full:https://registry.npmjs.org/micromark-util-encode set size:undefined disposed:false
1603 http fetch GET 200 https://registry.npmjs.org/micromark-util-symbol 270ms (cache miss)
1604 silly packumentCache full:https://registry.npmjs.org/micromark-util-symbol set size:undefined disposed:false
1605 silly placeDep ROOT dequal@2.0.3 OK for: devlop@1.1.0 want: ^2.0.0
1606 silly placeDep ROOT micromark-util-character@2.1.1 OK for: micromark-util-sanitize-uri@2.0.1 want: ^2.0.0
1607 silly placeDep ROOT micromark-util-encode@2.0.1 OK for: micromark-util-sanitize-uri@2.0.1 want: ^2.0.0
1608 silly placeDep ROOT micromark-util-symbol@2.0.1 OK for: micromark-util-sanitize-uri@2.0.1 want: ^2.0.0
1609 silly fetch manifest micromark-util-types@^2.0.0
1610 silly packumentCache full:https://registry.npmjs.org/micromark-util-types cache-miss
1611 http fetch GET 200 https://registry.npmjs.org/micromark-util-types 74ms (cache miss)
1612 silly packumentCache full:https://registry.npmjs.org/micromark-util-types set size:undefined disposed:false
1613 silly placeDep ROOT micromark-util-types@2.0.2 OK for: micromark-util-character@2.1.1 want: ^2.0.0
1614 silly placeDep ROOT oniguruma-parser@0.12.2 OK for: oniguruma-to-es@4.3.6 want: ^0.12.2
1615 silly placeDep ROOT regex@6.1.0 OK for: oniguruma-to-es@4.3.6 want: ^6.1.0
1616 silly placeDep ROOT regex-recursion@6.0.2 OK for: oniguruma-to-es@4.3.6 want: ^6.0.2
1617 silly fetch manifest regex-utilities@^2.3.0
1618 silly packumentCache full:https://registry.npmjs.org/regex-utilities cache-miss
1619 silly fetch manifest regex-utilities@^2.3.0
1620 silly packumentCache full:https://registry.npmjs.org/regex-utilities cache-miss
1621 http fetch GET 200 https://registry.npmjs.org/regex-utilities 68ms (cache miss)
1622 silly packumentCache full:https://registry.npmjs.org/regex-utilities set size:undefined disposed:false
1623 http fetch GET 200 https://registry.npmjs.org/regex-utilities 69ms (cache miss)
1624 silly packumentCache full:https://registry.npmjs.org/regex-utilities set size:undefined disposed:false
1625 silly placeDep ROOT regex-utilities@2.3.0 OK for: regex@6.1.0 want: ^2.3.0
1626 silly placeDep ROOT @types/node@24.13.6 OK for: sitemap@9.0.1 want: ^24.9.2
1627 silly placeDep ROOT @types/sax@1.2.7 OK for: sitemap@9.0.1 want: ^1.2.1
1628 silly placeDep ROOT arg@5.0.2 OK for: sitemap@9.0.1 want: ^5.0.0
1629 silly placeDep ROOT sax@1.6.1 OK for: sitemap@9.0.1 want: ^1.4.1
1630 silly fetch manifest undici-types@~7.18.0
1631 silly packumentCache full:https://registry.npmjs.org/undici-types cache-miss
1632 http fetch GET 200 https://registry.npmjs.org/undici-types 80ms (cache miss)
1633 silly packumentCache full:https://registry.npmjs.org/undici-types set size:undefined disposed:false
1634 silly placeDep ROOT undici-types@7.18.2 OK for: @types/node@24.13.6 want: ~7.18.0
1635 silly placeDep ROOT character-entities-html4@2.1.0 OK for: stringify-entities@4.0.4 want: ^2.0.0
1636 silly placeDep ROOT character-entities-legacy@3.0.0 OK for: stringify-entities@4.0.4 want: ^3.0.0
1637 silly placeDep ROOT anynum@1.0.1 OK for: strnum@2.4.2 want: ^1.0.1
1638 silly placeDep ROOT commander@11.1.0 OK for: svgo@4.1.0 want: ^11.1.0
1639 silly placeDep ROOT css-select@6.0.0 OK for: svgo@4.1.0 want: ^6.0.0
1640 silly placeDep ROOT css-tree@3.2.1 OK for: svgo@4.1.0 want: ^3.0.1
1641 silly placeDep ROOT css-what@7.0.0 OK for: svgo@4.1.0 want: ^7.0.0
1642 silly placeDep ROOT csso@5.0.5 OK for: svgo@4.1.0 want: ^5.0.5
1643 silly placeDep ROOT picocolors@1.1.1 OK for: svgo@4.1.0 want: ^1.1.1
1644 silly fetch manifest boolbase@^1.0.0
1645 silly packumentCache full:https://registry.npmjs.org/boolbase cache-miss
1646 silly fetch manifest domutils@^3.2.2
1647 silly packumentCache full:https://registry.npmjs.org/domutils cache-miss
1648 silly fetch manifest nth-check@^2.1.1
1649 silly packumentCache full:https://registry.npmjs.org/nth-check cache-miss
1650 silly fetch manifest domhandler@^5.0.3
1651 silly packumentCache full:https://registry.npmjs.org/domhandler cache-miss
1652 silly fetch manifest mdn-data@2.27.1
1653 silly packumentCache full:https://registry.npmjs.org/mdn-data cache-miss
1654 silly fetch manifest css-tree@~2.2.0
1655 silly packumentCache full:https://registry.npmjs.org/css-tree cache-hit
1656 http fetch GET 200 https://registry.npmjs.org/boolbase 79ms (cache miss)
1657 silly packumentCache full:https://registry.npmjs.org/boolbase set size:undefined disposed:false
1658 http fetch GET 200 https://registry.npmjs.org/mdn-data 104ms (cache miss)
1659 silly packumentCache full:https://registry.npmjs.org/mdn-data set size:undefined disposed:false
1660 http fetch GET 200 https://registry.npmjs.org/domutils 107ms (cache miss)
1661 silly packumentCache full:https://registry.npmjs.org/domutils set size:undefined disposed:false
1662 http fetch GET 200 https://registry.npmjs.org/nth-check 117ms (cache miss)
1663 silly packumentCache full:https://registry.npmjs.org/nth-check set size:undefined disposed:false
1664 http fetch GET 200 https://registry.npmjs.org/domhandler 117ms (cache miss)
1665 silly packumentCache full:https://registry.npmjs.org/domhandler set size:undefined disposed:false
1666 silly placeDep ROOT boolbase@1.0.0 OK for: css-select@6.0.0 want: ^1.0.0
1667 silly placeDep ROOT domhandler@5.0.3 OK for: css-select@6.0.0 want: ^5.0.3
1668 silly placeDep ROOT domutils@3.2.2 OK for: css-select@6.0.0 want: ^3.2.2
1669 silly placeDep ROOT nth-check@2.1.1 OK for: css-select@6.0.0 want: ^2.1.1
1670 silly fetch manifest domelementtype@^2.3.0
1671 silly packumentCache full:https://registry.npmjs.org/domelementtype cache-miss
1672 silly fetch manifest dom-serializer@^2.0.0
1673 silly packumentCache full:https://registry.npmjs.org/dom-serializer cache-miss
1674 silly fetch manifest domelementtype@^2.3.0
1675 silly packumentCache full:https://registry.npmjs.org/domelementtype cache-miss
1676 http fetch GET 200 https://registry.npmjs.org/domelementtype 81ms (cache miss)
1677 silly packumentCache full:https://registry.npmjs.org/domelementtype set size:undefined disposed:false
1678 http fetch GET 200 https://registry.npmjs.org/domelementtype 82ms (cache miss)
1679 silly packumentCache full:https://registry.npmjs.org/domelementtype set size:undefined disposed:false
1680 http fetch GET 200 https://registry.npmjs.org/dom-serializer 249ms (cache miss)
1681 silly packumentCache full:https://registry.npmjs.org/dom-serializer set size:undefined disposed:false
1682 silly placeDep ROOT mdn-data@2.27.1 OK for: css-tree@3.2.1 want: 2.27.1
1683 silly placeDep node_modules/csso css-tree@2.2.1 OK for: csso@5.0.5 want: ~2.2.0
1684 silly fetch manifest mdn-data@2.0.28
1685 silly packumentCache full:https://registry.npmjs.org/mdn-data cache-miss
1686 http cache https://registry.npmjs.org/mdn-data 7ms (cache hit)
1687 silly packumentCache full:https://registry.npmjs.org/mdn-data set size:193629 disposed:false
1688 silly placeDep ROOT domelementtype@2.3.0 OK for: domhandler@5.0.3 want: ^2.3.0
1689 silly placeDep ROOT dom-serializer@2.0.0 OK for: domutils@3.2.2 want: ^2.0.0
1690 silly fetch manifest entities@^4.2.0
1691 silly packumentCache full:https://registry.npmjs.org/entities cache-miss
1692 http fetch GET 200 https://registry.npmjs.org/entities 70ms (cache miss)
1693 silly packumentCache full:https://registry.npmjs.org/entities set size:undefined disposed:false
1694 silly placeDep ROOT entities@4.5.0 OK for: dom-serializer@2.0.0 want: ^4.2.0
1695 silly placeDep ROOT fdir@6.5.0 OK for: tinyglobby@0.2.17 want: ^6.5.0
1696 silly placeDep ROOT @typescript/typescript-aix-ppc64@7.0.2 OK for: typescript@7.0.2 want: 7.0.2
1697 silly placeDep ROOT @typescript/typescript-darwin-arm64@7.0.2 OK for: typescript@7.0.2 want: 7.0.2
1698 silly placeDep ROOT @typescript/typescript-darwin-x64@7.0.2 OK for: typescript@7.0.2 want: 7.0.2
1699 silly placeDep ROOT @typescript/typescript-freebsd-arm64@7.0.2 OK for: typescript@7.0.2 want: 7.0.2
1700 silly placeDep ROOT @typescript/typescript-freebsd-x64@7.0.2 OK for: typescript@7.0.2 want: 7.0.2
1701 silly placeDep ROOT @typescript/typescript-linux-arm@7.0.2 OK for: typescript@7.0.2 want: 7.0.2
1702 silly placeDep ROOT @typescript/typescript-linux-arm64@7.0.2 OK for: typescript@7.0.2 want: 7.0.2
1703 silly placeDep ROOT @typescript/typescript-linux-loong64@7.0.2 OK for: typescript@7.0.2 want: 7.0.2
1704 silly placeDep ROOT @typescript/typescript-linux-mips64el@7.0.2 OK for: typescript@7.0.2 want: 7.0.2
1705 silly placeDep ROOT @typescript/typescript-linux-ppc64@7.0.2 OK for: typescript@7.0.2 want: 7.0.2
1706 silly placeDep ROOT @typescript/typescript-linux-riscv64@7.0.2 OK for: typescript@7.0.2 want: 7.0.2
1707 silly placeDep ROOT @typescript/typescript-linux-s390x@7.0.2 OK for: typescript@7.0.2 want: 7.0.2
1708 silly placeDep ROOT @typescript/typescript-linux-x64@7.0.2 OK for: typescript@7.0.2 want: 7.0.2
1709 silly placeDep ROOT @typescript/typescript-netbsd-arm64@7.0.2 OK for: typescript@7.0.2 want: 7.0.2
1710 silly placeDep ROOT @typescript/typescript-netbsd-x64@7.0.2 OK for: typescript@7.0.2 want: 7.0.2
1711 silly placeDep ROOT @typescript/typescript-openbsd-arm64@7.0.2 OK for: typescript@7.0.2 want: 7.0.2
1712 silly placeDep ROOT @typescript/typescript-openbsd-x64@7.0.2 OK for: typescript@7.0.2 want: 7.0.2
1713 silly placeDep ROOT @typescript/typescript-sunos-x64@7.0.2 OK for: typescript@7.0.2 want: 7.0.2
1714 silly placeDep ROOT @typescript/typescript-win32-arm64@7.0.2 OK for: typescript@7.0.2 want: 7.0.2
1715 silly placeDep ROOT @typescript/typescript-win32-x64@7.0.2 OK for: typescript@7.0.2 want: 7.0.2
1716 silly placeDep ROOT bail@2.0.2 OK for: unified@11.0.5 want: ^2.0.0
1717 silly placeDep ROOT extend@3.0.2 OK for: unified@11.0.5 want: ^3.0.0
1718 silly placeDep ROOT is-plain-obj@4.1.0 OK for: unified@11.0.5 want: ^4.0.0
1719 silly placeDep ROOT trough@2.2.0 OK for: unified@11.0.5 want: ^2.0.0
1720 silly placeDep ROOT ohash@2.0.12 OK for: unifont@0.7.5 want: ^2.0.11
1721 silly placeDep ROOT undici@8.11.2 OK for: unifont@0.7.5 want: ^8.0.0
1722 silly placeDep ROOT unist-util-is@6.0.1 OK for: unist-util-visit@5.1.0 want: ^6.0.0
1723 silly placeDep ROOT unist-util-visit-parents@6.0.2 OK for: unist-util-visit@5.1.0 want: ^6.0.0
1724 silly placeDep ROOT anymatch@3.1.3 OK for: unstorage@1.17.5 want: ^3.1.3
1725 silly placeDep ROOT chokidar@5.0.0 OK for: unstorage@1.17.5 want: ^5.0.0
1726 silly placeDep ROOT destr@2.0.5 OK for: unstorage@1.17.5 want: ^2.0.5
1727 silly placeDep ROOT h3@1.15.11 OK for: unstorage@1.17.5 want: ^1.15.10
1728 silly placeDep ROOT lru-cache@11.5.3 OK for: unstorage@1.17.5 want: ^11.2.7
1729 silly placeDep ROOT node-fetch-native@1.6.7 OK for: unstorage@1.17.5 want: ^1.6.7
1730 silly placeDep ROOT ofetch@1.5.1 OK for: unstorage@1.17.5 want: ^1.5.1
1731 silly placeDep ROOT ufo@1.6.4 OK for: unstorage@1.17.5 want: ^1.6.3
1732 silly fetch manifest picomatch@^2.0.4
1733 silly packumentCache full:https://registry.npmjs.org/picomatch cache-miss
1734 silly fetch manifest normalize-path@^3.0.0
1735 silly packumentCache full:https://registry.npmjs.org/normalize-path cache-miss
1736 silly fetch manifest readdirp@^5.0.0
1737 silly packumentCache full:https://registry.npmjs.org/readdirp cache-miss
1738 silly fetch manifest defu@^6.1.6
1739 silly packumentCache full:https://registry.npmjs.org/defu cache-miss
1740 silly fetch manifest radix3@^1.1.2
1741 silly packumentCache full:https://registry.npmjs.org/radix3 cache-miss
1742 silly fetch manifest crossws@^0.3.5
1743 silly packumentCache full:https://registry.npmjs.org/crossws cache-miss
1744 silly fetch manifest uncrypto@^0.1.3
1745 silly packumentCache full:https://registry.npmjs.org/uncrypto cache-miss
1746 http cache https://registry.npmjs.org/picomatch 14ms (cache hit)
1747 silly packumentCache full:https://registry.npmjs.org/picomatch set size:134451 disposed:false
1748 silly fetch manifest cookie-es@^1.2.3
1749 silly packumentCache full:https://registry.npmjs.org/cookie-es cache-miss
1750 http cache https://registry.npmjs.org/crossws 15ms (cache hit)
1751 silly packumentCache full:https://registry.npmjs.org/crossws set size:120040 disposed:false
1752 silly fetch manifest iron-webcrypto@^1.2.1
1753 silly packumentCache full:https://registry.npmjs.org/iron-webcrypto cache-miss
1754 http fetch GET 200 https://registry.npmjs.org/normalize-path 68ms (cache miss)
1755 silly packumentCache full:https://registry.npmjs.org/normalize-path set size:undefined disposed:false
1756 silly fetch manifest node-mock-http@^1.0.4
1757 silly packumentCache full:https://registry.npmjs.org/node-mock-http cache-miss
1758 http fetch GET 200 https://registry.npmjs.org/radix3 79ms (cache miss)
1759 silly packumentCache full:https://registry.npmjs.org/radix3 set size:undefined disposed:false
1760 silly fetch manifest ufo@^1.6.1
1761 silly packumentCache full:https://registry.npmjs.org/ufo cache-miss
1762 http cache https://registry.npmjs.org/ufo 7ms (cache hit)
1763 silly packumentCache full:https://registry.npmjs.org/ufo set size:169119 disposed:false
1764 http fetch GET 200 https://registry.npmjs.org/cookie-es 76ms (cache miss)
1765 silly packumentCache full:https://registry.npmjs.org/cookie-es set size:undefined disposed:false
1766 http fetch GET 200 https://registry.npmjs.org/uncrypto 92ms (cache miss)
1767 silly packumentCache full:https://registry.npmjs.org/uncrypto set size:undefined disposed:false
1768 http fetch GET 200 https://registry.npmjs.org/iron-webcrypto 86ms (cache miss)
1769 silly packumentCache full:https://registry.npmjs.org/iron-webcrypto set size:undefined disposed:false
1770 http fetch GET 200 https://registry.npmjs.org/readdirp 111ms (cache miss)
1771 silly packumentCache full:https://registry.npmjs.org/readdirp set size:undefined disposed:false
1772 http fetch GET 200 https://registry.npmjs.org/defu 256ms (cache miss)
1773 silly packumentCache full:https://registry.npmjs.org/defu set size:undefined disposed:false
1774 http fetch GET 200 https://registry.npmjs.org/node-mock-http 228ms (cache miss)
1775 silly packumentCache full:https://registry.npmjs.org/node-mock-http set size:undefined disposed:false
1776 silly placeDep ROOT normalize-path@3.0.0 OK for: anymatch@3.1.3 want: ^3.0.0
1777 silly placeDep node_modules/anymatch picomatch@2.3.2 OK for: anymatch@3.1.3 want: ^2.0.4
1778 silly placeDep ROOT readdirp@5.1.1 OK for: chokidar@5.0.0 want: ^5.0.0
1779 silly placeDep ROOT cookie-es@1.2.3 OK for: h3@1.15.11 want: ^1.2.3
1780 silly placeDep ROOT crossws@0.3.5 OK for: h3@1.15.11 want: ^0.3.5
1781 silly placeDep ROOT defu@6.1.7 OK for: h3@1.15.11 want: ^6.1.6
1782 silly placeDep ROOT iron-webcrypto@1.2.1 OK for: h3@1.15.11 want: ^1.2.1
1783 silly placeDep ROOT node-mock-http@1.0.5 OK for: h3@1.15.11 want: ^1.0.4
1784 silly placeDep ROOT radix3@1.1.2 OK for: h3@1.15.11 want: ^1.1.2
1785 silly placeDep ROOT uncrypto@0.1.3 OK for: h3@1.15.11 want: ^0.1.3
1786 silly placeDep ROOT vfile-message@4.0.3 OK for: vfile@6.0.3 want: ^4.0.0
1787 silly fetch manifest unist-util-stringify-position@^4.0.0
1788 silly packumentCache full:https://registry.npmjs.org/unist-util-stringify-position cache-miss
1789 http fetch GET 200 https://registry.npmjs.org/unist-util-stringify-position 72ms (cache miss)
1790 silly packumentCache full:https://registry.npmjs.org/unist-util-stringify-position set size:undefined disposed:false
1791 silly placeDep ROOT unist-util-stringify-position@4.0.0 OK for: vfile-message@4.0.3 want: ^4.0.0
1792 silly placeDep ROOT fsevents@2.3.3 OK for: vite@8.3.1 want: ~2.3.3
1793 silly placeDep ROOT lightningcss@1.33.0 OK for: vite@8.3.1 want: ^1.33.0
1794 silly placeDep ROOT postcss@8.5.28 OK for: vite@8.3.1 want: ^8.5.28
1795 silly placeDep ROOT rolldown@1.2.11 OK for: vite@8.3.1 want: ~1.2.9
1796 silly fetch manifest lightningcss-darwin-x64@1.33.0
1797 silly packumentCache full:https://registry.npmjs.org/lightningcss-darwin-x64 cache-miss
1798 silly fetch manifest lightningcss-linux-x64-gnu@1.33.0
1799 silly packumentCache full:https://registry.npmjs.org/lightningcss-linux-x64-gnu cache-miss
1800 silly fetch manifest lightningcss-win32-x64-msvc@1.33.0
1801 silly packumentCache full:https://registry.npmjs.org/lightningcss-win32-x64-msvc cache-miss
1802 silly fetch manifest lightningcss-win32-arm64-msvc@1.33.0
1803 silly packumentCache full:https://registry.npmjs.org/lightningcss-win32-arm64-msvc cache-miss
1804 silly fetch manifest lightningcss-darwin-arm64@1.33.0
1805 silly packumentCache full:https://registry.npmjs.org/lightningcss-darwin-arm64 cache-miss
1806 silly fetch manifest lightningcss-linux-arm64-gnu@1.33.0
1807 silly packumentCache full:https://registry.npmjs.org/lightningcss-linux-arm64-gnu cache-miss
1808 silly fetch manifest lightningcss-linux-arm-gnueabihf@1.33.0
1809 silly packumentCache full:https://registry.npmjs.org/lightningcss-linux-arm-gnueabihf cache-miss
1810 http fetch GET 200 https://registry.npmjs.org/lightningcss-linux-arm-gnueabihf 102ms (cache miss)
1811 silly packumentCache full:https://registry.npmjs.org/lightningcss-linux-arm-gnueabihf set size:undefined disposed:false
1812 silly fetch manifest lightningcss-linux-arm64-musl@1.33.0
1813 silly packumentCache full:https://registry.npmjs.org/lightningcss-linux-arm64-musl cache-miss
1814 http fetch GET 200 https://registry.npmjs.org/lightningcss-win32-x64-msvc 111ms (cache miss)
1815 silly packumentCache full:https://registry.npmjs.org/lightningcss-win32-x64-msvc set size:undefined disposed:false
1816 silly fetch manifest lightningcss-linux-x64-musl@1.33.0
1817 silly packumentCache full:https://registry.npmjs.org/lightningcss-linux-x64-musl cache-miss
1818 http fetch GET 200 https://registry.npmjs.org/lightningcss-win32-arm64-msvc 114ms (cache miss)
1819 silly packumentCache full:https://registry.npmjs.org/lightningcss-win32-arm64-msvc set size:undefined disposed:false
1820 silly fetch manifest lightningcss-freebsd-x64@1.33.0
1821 silly packumentCache full:https://registry.npmjs.org/lightningcss-freebsd-x64 cache-miss
1822 http fetch GET 200 https://registry.npmjs.org/lightningcss-linux-arm64-gnu 123ms (cache miss)
1823 silly packumentCache full:https://registry.npmjs.org/lightningcss-linux-arm64-gnu set size:undefined disposed:false
1824 silly fetch manifest lightningcss-android-arm64@1.33.0
1825 silly packumentCache full:https://registry.npmjs.org/lightningcss-android-arm64 cache-miss
1826 http fetch GET 200 https://registry.npmjs.org/lightningcss-darwin-x64 128ms (cache miss)
1827 silly packumentCache full:https://registry.npmjs.org/lightningcss-darwin-x64 set size:undefined disposed:false
1828 silly fetch manifest nanoid@^3.3.18
1829 silly packumentCache full:https://registry.npmjs.org/nanoid cache-miss
1830 http fetch GET 200 https://registry.npmjs.org/lightningcss-linux-x64-gnu 130ms (cache miss)
1831 silly packumentCache full:https://registry.npmjs.org/lightningcss-linux-x64-gnu set size:undefined disposed:false
1832 silly fetch manifest @oxc-project/types@=0.151.0
1833 silly packumentCache full:https://registry.npmjs.org/@oxc-project%2ftypes cache-miss
1834 http fetch GET 200 https://registry.npmjs.org/lightningcss-darwin-arm64 131ms (cache miss)
1835 silly packumentCache full:https://registry.npmjs.org/lightningcss-darwin-arm64 set size:undefined disposed:false
1836 silly fetch manifest @rolldown/pluginutils@^1.0.0
1837 silly packumentCache full:https://registry.npmjs.org/@rolldown%2fpluginutils cache-miss
1838 http fetch GET 200 https://registry.npmjs.org/lightningcss-linux-arm64-musl 72ms (cache miss)
1839 silly packumentCache full:https://registry.npmjs.org/lightningcss-linux-arm64-musl set size:undefined disposed:false
1840 silly fetch manifest @rolldown/binding-darwin-x64@1.2.11
1841 silly packumentCache full:https://registry.npmjs.org/@rolldown%2fbinding-darwin-x64 cache-miss
1842 http fetch GET 200 https://registry.npmjs.org/lightningcss-linux-x64-musl 80ms (cache miss)
1843 silly packumentCache full:https://registry.npmjs.org/lightningcss-linux-x64-musl set size:undefined disposed:false
1844 silly fetch manifest @rolldown/binding-freebsd-x64@1.2.11
1845 silly packumentCache full:https://registry.npmjs.org/@rolldown%2fbinding-freebsd-x64 cache-miss
1846 http fetch GET 200 https://registry.npmjs.org/lightningcss-android-arm64 72ms (cache miss)
1847 silly packumentCache full:https://registry.npmjs.org/lightningcss-android-arm64 set size:undefined disposed:false
1848 silly fetch manifest @rolldown/binding-darwin-arm64@1.2.11
1849 silly packumentCache full:https://registry.npmjs.org/@rolldown%2fbinding-darwin-arm64 cache-miss
1850 http fetch GET 200 https://registry.npmjs.org/lightningcss-freebsd-x64 88ms (cache miss)
1851 silly packumentCache full:https://registry.npmjs.org/lightningcss-freebsd-x64 set size:undefined disposed:false
1852 silly fetch manifest @rolldown/binding-android-arm64@1.2.11
1853 silly packumentCache full:https://registry.npmjs.org/@rolldown%2fbinding-android-arm64 cache-miss
1854 http fetch GET 200 https://registry.npmjs.org/@oxc-project%2ftypes 110ms (cache miss)
1855 silly packumentCache full:https://registry.npmjs.org/@oxc-project%2ftypes set size:undefined disposed:false
1856 silly fetch manifest @rolldown/binding-linux-x64-gnu@1.2.11
1857 silly packumentCache full:https://registry.npmjs.org/@rolldown%2fbinding-linux-x64-gnu cache-miss
1858 http fetch GET 200 https://registry.npmjs.org/nanoid 130ms (cache miss)
1859 silly packumentCache full:https://registry.npmjs.org/nanoid set size:undefined disposed:false
1860 silly fetch manifest @rolldown/binding-linux-x64-musl@1.2.11
1861 silly packumentCache full:https://registry.npmjs.org/@rolldown%2fbinding-linux-x64-musl cache-miss
1862 http fetch GET 200 https://registry.npmjs.org/@rolldown%2fpluginutils 141ms (cache miss)
1863 silly packumentCache full:https://registry.npmjs.org/@rolldown%2fpluginutils set size:undefined disposed:false
1864 silly fetch manifest @rolldown/binding-win32-x64-msvc@1.2.11
1865 silly packumentCache full:https://registry.npmjs.org/@rolldown%2fbinding-win32-x64-msvc cache-miss
1866 http fetch GET 200 https://registry.npmjs.org/@rolldown%2fbinding-darwin-x64 188ms (cache miss)
1867 silly packumentCache full:https://registry.npmjs.org/@rolldown%2fbinding-darwin-x64 set size:undefined disposed:false
1868 silly fetch manifest @rolldown/binding-linux-arm64-gnu@1.2.11
1869 silly packumentCache full:https://registry.npmjs.org/@rolldown%2fbinding-linux-arm64-gnu cache-miss
1870 http fetch GET 200 https://registry.npmjs.org/@rolldown%2fbinding-android-arm64 201ms (cache miss)
1871 silly packumentCache full:https://registry.npmjs.org/@rolldown%2fbinding-android-arm64 set size:undefined disposed:false
1872 silly fetch manifest @rolldown/binding-linux-ppc64-gnu@1.2.11
1873 silly packumentCache full:https://registry.npmjs.org/@rolldown%2fbinding-linux-ppc64-gnu cache-miss
1874 http fetch GET 200 https://registry.npmjs.org/@rolldown%2fbinding-freebsd-x64 239ms (cache miss)
1875 silly packumentCache full:https://registry.npmjs.org/@rolldown%2fbinding-freebsd-x64 set size:undefined disposed:false
1876 silly fetch manifest @rolldown/binding-linux-s390x-gnu@1.2.11
1877 silly packumentCache full:https://registry.npmjs.org/@rolldown%2fbinding-linux-s390x-gnu cache-miss
1878 http fetch GET 200 https://registry.npmjs.org/@rolldown%2fbinding-darwin-arm64 328ms (cache miss)
1879 silly packumentCache full:https://registry.npmjs.org/@rolldown%2fbinding-darwin-arm64 set size:undefined disposed:false
1880 silly fetch manifest @rolldown/binding-android-arm-eabi@1.2.11
1881 silly packumentCache full:https://registry.npmjs.org/@rolldown%2fbinding-android-arm-eabi cache-miss
1882 http fetch GET 200 https://registry.npmjs.org/@rolldown%2fbinding-linux-x64-gnu 347ms (cache miss)
1883 silly packumentCache full:https://registry.npmjs.org/@rolldown%2fbinding-linux-x64-gnu set size:undefined disposed:false
1884 silly fetch manifest @rolldown/binding-linux-arm64-musl@1.2.11
1885 silly packumentCache full:https://registry.npmjs.org/@rolldown%2fbinding-linux-arm64-musl cache-miss
1886 http fetch GET 200 https://registry.npmjs.org/@rolldown%2fbinding-linux-x64-musl 399ms (cache miss)
1887 silly packumentCache full:https://registry.npmjs.org/@rolldown%2fbinding-linux-x64-musl set size:undefined disposed:false
1888 silly fetch manifest @rolldown/binding-win32-arm64-msvc@1.2.11
1889 silly packumentCache full:https://registry.npmjs.org/@rolldown%2fbinding-win32-arm64-msvc cache-miss
1890 http fetch GET 200 https://registry.npmjs.org/@rolldown%2fbinding-win32-x64-msvc 417ms (cache miss)
1891 silly packumentCache full:https://registry.npmjs.org/@rolldown%2fbinding-win32-x64-msvc set size:undefined disposed:false
1892 silly fetch manifest @rolldown/binding-openharmony-arm64@1.2.11
1893 silly packumentCache full:https://registry.npmjs.org/@rolldown%2fbinding-openharmony-arm64 cache-miss
1894 http fetch GET 200 https://registry.npmjs.org/@rolldown%2fbinding-linux-ppc64-gnu 361ms (cache miss)
1895 silly packumentCache full:https://registry.npmjs.org/@rolldown%2fbinding-linux-ppc64-gnu set size:undefined disposed:false
1896 silly fetch manifest @rolldown/binding-linux-arm-gnueabihf@1.2.11
1897 silly packumentCache full:https://registry.npmjs.org/@rolldown%2fbinding-linux-arm-gnueabihf cache-miss
1898 http fetch GET 200 https://registry.npmjs.org/@rolldown%2fbinding-linux-arm64-gnu 401ms (cache miss)
1899 silly packumentCache full:https://registry.npmjs.org/@rolldown%2fbinding-linux-arm64-gnu set size:undefined disposed:false
1900 http fetch GET 200 https://registry.npmjs.org/@rolldown%2fbinding-android-arm-eabi 261ms (cache miss)
1901 silly packumentCache full:https://registry.npmjs.org/@rolldown%2fbinding-android-arm-eabi set size:undefined disposed:false
1902 http fetch GET 200 https://registry.npmjs.org/@rolldown%2fbinding-linux-s390x-gnu 363ms (cache miss)
1903 silly packumentCache full:https://registry.npmjs.org/@rolldown%2fbinding-linux-s390x-gnu set size:undefined disposed:false
1904 http fetch GET 200 https://registry.npmjs.org/@rolldown%2fbinding-linux-arm64-musl 230ms (cache miss)
1905 silly packumentCache full:https://registry.npmjs.org/@rolldown%2fbinding-linux-arm64-musl set size:undefined disposed:false
1906 http fetch GET 200 https://registry.npmjs.org/@rolldown%2fbinding-openharmony-arm64 202ms (cache miss)
1907 silly packumentCache full:https://registry.npmjs.org/@rolldown%2fbinding-openharmony-arm64 set size:undefined disposed:false
1908 http fetch GET 200 https://registry.npmjs.org/@rolldown%2fbinding-win32-arm64-msvc 238ms (cache miss)
1909 silly packumentCache full:https://registry.npmjs.org/@rolldown%2fbinding-win32-arm64-msvc set size:undefined disposed:false
1910 http fetch GET 200 https://registry.npmjs.org/@rolldown%2fbinding-linux-arm-gnueabihf 201ms (cache miss)
1911 silly packumentCache full:https://registry.npmjs.org/@rolldown%2fbinding-linux-arm-gnueabihf set size:undefined disposed:false
1912 silly placeDep ROOT lightningcss-android-arm64@1.33.0 OK for: lightningcss@1.33.0 want: 1.33.0
1913 silly placeDep ROOT lightningcss-darwin-arm64@1.33.0 OK for: lightningcss@1.33.0 want: 1.33.0
1914 silly placeDep ROOT lightningcss-darwin-x64@1.33.0 OK for: lightningcss@1.33.0 want: 1.33.0
1915 silly placeDep ROOT lightningcss-freebsd-x64@1.33.0 OK for: lightningcss@1.33.0 want: 1.33.0
1916 silly placeDep ROOT lightningcss-linux-arm-gnueabihf@1.33.0 OK for: lightningcss@1.33.0 want: 1.33.0
1917 silly placeDep ROOT lightningcss-linux-arm64-gnu@1.33.0 OK for: lightningcss@1.33.0 want: 1.33.0
1918 silly placeDep ROOT lightningcss-linux-arm64-musl@1.33.0 OK for: lightningcss@1.33.0 want: 1.33.0
1919 silly placeDep ROOT lightningcss-linux-x64-gnu@1.33.0 OK for: lightningcss@1.33.0 want: 1.33.0
1920 silly placeDep ROOT lightningcss-linux-x64-musl@1.33.0 OK for: lightningcss@1.33.0 want: 1.33.0
1921 silly placeDep ROOT lightningcss-win32-arm64-msvc@1.33.0 OK for: lightningcss@1.33.0 want: 1.33.0
1922 silly placeDep ROOT lightningcss-win32-x64-msvc@1.33.0 OK for: lightningcss@1.33.0 want: 1.33.0
1923 silly placeDep ROOT nanoid@3.3.19 OK for: postcss@8.5.28 want: ^3.3.18
1924 silly placeDep ROOT @oxc-project/types@0.151.0 OK for: rolldown@1.2.11 want: =0.151.0
1925 silly placeDep ROOT @rolldown/binding-android-arm-eabi@1.2.11 OK for: rolldown@1.2.11 want: 1.2.11
1926 silly placeDep ROOT @rolldown/binding-android-arm64@1.2.11 OK for: rolldown@1.2.11 want: 1.2.11
1927 silly placeDep ROOT @rolldown/binding-darwin-arm64@1.2.11 OK for: rolldown@1.2.11 want: 1.2.11
1928 silly placeDep ROOT @rolldown/binding-darwin-x64@1.2.11 OK for: rolldown@1.2.11 want: 1.2.11
1929 silly placeDep ROOT @rolldown/binding-freebsd-x64@1.2.11 OK for: rolldown@1.2.11 want: 1.2.11
1930 silly placeDep ROOT @rolldown/binding-linux-arm-gnueabihf@1.2.11 OK for: rolldown@1.2.11 want: 1.2.11
1931 silly placeDep ROOT @rolldown/binding-linux-arm64-gnu@1.2.11 OK for: rolldown@1.2.11 want: 1.2.11
1932 silly placeDep ROOT @rolldown/binding-linux-arm64-musl@1.2.11 OK for: rolldown@1.2.11 want: 1.2.11
1933 silly placeDep ROOT @rolldown/binding-linux-ppc64-gnu@1.2.11 OK for: rolldown@1.2.11 want: 1.2.11
1934 silly placeDep ROOT @rolldown/binding-linux-s390x-gnu@1.2.11 OK for: rolldown@1.2.11 want: 1.2.11
1935 silly placeDep ROOT @rolldown/binding-linux-x64-gnu@1.2.11 OK for: rolldown@1.2.11 want: 1.2.11
1936 silly placeDep ROOT @rolldown/binding-linux-x64-musl@1.2.11 OK for: rolldown@1.2.11 want: 1.2.11
1937 silly placeDep ROOT @rolldown/binding-openharmony-arm64@1.2.11 OK for: rolldown@1.2.11 want: 1.2.11
1938 silly placeDep ROOT @rolldown/binding-win32-arm64-msvc@1.2.11 OK for: rolldown@1.2.11 want: 1.2.11
1939 silly placeDep ROOT @rolldown/binding-win32-x64-msvc@1.2.11 OK for: rolldown@1.2.11 want: 1.2.11
1940 silly placeDep ROOT @rolldown/pluginutils@1.0.1 OK for: rolldown@1.2.11 want: ^1.0.0
1941 silly placeDep node_modules/@bruits/satteri-wasm32-wasi @emnapi/wasi-threads@1.2.2 OK for: @emnapi/core@1.11.1 want: 1.2.2
1942 silly placeDep node_modules/csso mdn-data@2.0.28 OK for: css-tree@2.2.1 want: 2.0.28
1943 silly reify moves {}
1944 silly audit bulk request {
1944 silly audit   '@astrojs/mdx': [ '8.0.2' ],
1944 silly audit   astro: [ '7.3.5' ],
1944 silly audit   '@astrojs/rss': [ '4.0.19' ],
1944 silly audit   '@astrojs/sitemap': [ '3.7.4' ],
1944 silly audit   typescript: [ '7.0.2' ],
1944 silly audit   '@astrojs/internal-helpers': [ '0.11.0' ],
1944 silly audit   '@astrojs/markdown-satteri': [ '0.4.2' ],
1944 silly audit   'es-module-lexer': [ '2.3.2' ],
1944 silly audit   '@types/hast': [ '3.0.5' ],
1944 silly audit   '@types/mdast': [ '4.0.4' ],
1944 silly audit   'js-yaml': [ '4.3.2' ],
1944 silly audit   picomatch: [ '4.0.7', '2.3.2' ],
1944 silly audit   'retext-smartypants': [ '6.2.0' ],
1944 silly audit   shiki: [ '4.4.3' ],
1944 silly audit   'smol-toml': [ '1.9.0' ],
1944 silly audit   unified: [ '11.0.5' ],
1944 silly audit   '@astrojs/prism': [ '4.0.2' ],
1944 silly audit   'github-slugger': [ '2.0.0' ],
1944 silly audit   satteri: [ '0.10.5' ],
1944 silly audit   prismjs: [ '1.30.0' ],
1944 silly audit   'fast-xml-parser': [ '5.11.1' ],
1944 silly audit   piccolore: [ '0.1.3' ],
1944 silly audit   zod: [ '4.6.5' ],
1944 silly audit   sitemap: [ '9.0.1' ],
1944 silly audit   '@types/unist': [ '3.0.3' ],
1944 silly audit   '@astrojs/compiler-rs': [ '0.5.0' ],
1944 silly audit   '@astrojs/telemetry': [ '3.3.3' ],
1944 silly audit   '@capsizecss/unpack': [ '4.0.1' ],
1944 silly audit   '@clack/prompts': [ '1.8.1' ],
1944 silly audit   '@oslojs/encoding': [ '1.1.0' ],
1944 silly audit   'am-i-vibing': [ '0.4.0' ],
1944 silly audit   'aria-query': [ '5.3.2' ],
1944 silly audit   'axobject-query': [ '4.1.0' ],
1944 silly audit   'ci-info': [ '4.4.0' ],
1944 silly audit   clsx: [ '2.1.1' ],
1944 silly audit   'common-ancestor-path': [ '2.0.0' ],
1944 silly audit   cookie: [ '2.0.1' ],
1944 silly audit   devalue: [ '5.9.4' ],
1944 silly audit   diff: [ '9.0.0' ],
1944 silly audit   dset: [ '3.1.4' ],
1944 silly audit   esbuild: [ '0.28.2' ],
1944 silly audit   'find-proc': [ '0.2.0' ],
1944 silly audit   flattie: [ '1.1.1' ],
1944 silly audit   fontace: [ '0.4.1' ],
1944 silly audit   'get-tsconfig': [ '5.0.0-beta.4' ],
1944 silly audit   'html-escaper': [ '3.0.3' ],
1944 silly audit   'http-cache-semantics': [ '4.2.0' ],
1944 silly audit   'jsonc-parser': [ '3.3.1' ],
1944 silly audit   'magic-string': [ '1.4.2' ],
1944 silly audit   magicast: [ '0.5.5' ],
1944 silly audit   mrmime: [ '2.0.1' ],
1944 silly audit   neotraverse: [ '1.0.1' ],
1944 silly audit   obug: [ '3.0.0' ],
1944 silly audit   'p-limit': [ '7.3.3' ],
1944 silly audit   'p-queue': [ '9.3.3' ],
1944 silly audit   'package-manager-detector': [ '1.8.0' ],
1944 silly audit   sharp: [ '0.35.4' ],
1944 silly audit   svgo: [ '4.1.0' ],
1944 silly audit   tinyclip: [ '1.0.3' ],
1944 silly audit   tinyexec: [ '1.3.1' ],
1944 silly audit   tinyglobby: [ '0.2.17' ],
1944 silly audit   ultrahtml: [ '1.7.0' ],
1944 silly audit   unifont: [ '0.7.5' ],
1944 silly audit   unstorage: [ '1.17.5' ],
1944 silly audit   verkit: [ '0.4.1' ],
1944 silly audit   vite: [ '8.3.1' ],
1944 silly audit   vitefu: [ '1.1.3' ],
1944 silly audit   'xxhash-wasm': [ '1.1.0' ],
1944 silly audit   'yargs-parser': [ '22.0.0' ],
1944 silly audit   '@astrojs/compiler-binding': [ '0.5.0' ],
1944 silly audit   '@astrojs/compiler-binding-android-arm64': [ '0.5.0' ],
1944 silly audit   '@astrojs/compiler-binding-darwin-arm64': [ '0.5.0' ],
1944 silly audit   '@astrojs/compiler-binding-darwin-x64': [ '0.5.0' ],
1944 silly audit   '@astrojs/compiler-binding-linux-arm64-gnu': [ '0.5.0' ],
1944 silly audit   '@astrojs/compiler-binding-linux-arm64-musl': [ '0.5.0' ],
1944 silly audit   '@astrojs/compiler-binding-linux-x64-gnu': [ '0.5.0' ],
1944 silly audit   '@astrojs/compiler-binding-linux-x64-musl': [ '0.5.0' ],
1944 silly audit   '@astrojs/compiler-binding-wasm32-wasi': [ '0.5.0' ],
1944 silly audit   '@astrojs/compiler-binding-win32-arm64-msvc': [ '0.5.0' ],
1944 silly audit   '@astrojs/compiler-binding-win32-x64-msvc': [ '0.5.0' ],
1944 silly audit   '@emnapi/core': [ '1.11.3', '1.11.1' ],
1944 silly audit   '@emnapi/runtime': [ '1.11.3', '1.11.1' ],
1944 silly audit   '@napi-rs/wasm-runtime': [ '1.2.4' ],
1944 silly audit   'is-docker': [ '4.0.0' ],
1944 silly audit   fontkitten: [ '1.0.3' ],
1944 silly audit   '@clack/core': [ '1.5.1' ],
1944 silly audit   'fast-string-width': [ '3.0.2' ],
1944 silly audit   'fast-wrap-ansi': [ '0.2.2' ],
1944 silly audit   sisteransi: [ '1.0.5' ],
1944 silly audit   '@emnapi/wasi-threads': [ '1.2.3', '1.2.2' ],
1944 silly audit   tslib: [ '2.8.1' ],
1944 silly audit   '@tybys/wasm-util': [ '0.10.4' ],
1944 silly audit   'process-ancestry': [ '0.1.0' ],
1944 silly audit   '@esbuild/aix-ppc64': [ '0.28.2' ],
1944 silly audit   '@esbuild/android-arm': [ '0.28.2' ],
1944 silly audit   '@esbuild/android-arm64': [ '0.28.2' ],
1944 silly audit   '@esbuild/android-x64': [ '0.28.2' ],
1944 silly audit   '@esbuild/darwin-arm64': [ '0.28.2' ],
1944 silly audit   '@esbuild/darwin-x64': [ '0.28.2' ],
1944 silly audit   '@esbuild/freebsd-arm64': [ '0.28.2' ],
1944 silly audit   '@esbuild/freebsd-x64': [ '0.28.2' ],
1944 silly audit   '@esbuild/linux-arm': [ '0.28.2' ],
1944 silly audit   '@esbuild/linux-arm64': [ '0.28.2' ],
1944 silly audit   '@esbuild/linux-ia32': [ '0.28.2' ],
1944 silly audit   '@esbuild/linux-loong64': [ '0.28.2' ],
1944 silly audit   '@esbuild/linux-mips64el': [ '0.28.2' ],
1944 silly audit   '@esbuild/linux-ppc64': [ '0.28.2' ],
1944 silly audit   '@esbuild/linux-riscv64': [ '0.28.2' ],
1944 silly audit   '@esbuild/linux-s390x': [ '0.28.2' ],
1944 silly audit   '@esbuild/linux-x64': [ '0.28.2' ],
1944 silly audit   '@esbuild/netbsd-arm64': [ '0.28.2' ],
1944 silly audit   '@esbuild/netbsd-x64': [ '0.28.2' ],
1944 silly audit   '@esbuild/openbsd-arm64': [ '0.28.2' ],
1944 silly audit   '@esbuild/openbsd-x64': [ '0.28.2' ],
1944 silly audit   '@esbuild/openharmony-arm64': [ '0.28.2' ],
1944 silly audit   '@esbuild/sunos-x64': [ '0.28.2' ],
1944 silly audit   '@esbuild/win32-arm64': [ '0.28.2' ],
1944 silly audit   '@esbuild/win32-ia32': [ '0.28.2' ],
1944 silly audit   '@esbuild/win32-x64': [ '0.28.2' ],
1944 silly audit   'fast-string-truncated-width': [ '3.0.3' ],
1944 silly audit   '@nodable/entities': [ '3.0.0' ],
1944 silly audit   'fast-xml-builder': [ '1.3.1' ],
1944 silly audit   'is-unsafe': [ '2.0.2' ],
1944 silly audit   'path-expression-matcher': [ '1.6.2' ],
1944 silly audit   strnum: [ '2.4.2' ],
1944 silly audit   'xml-naming': [ '0.3.0' ],
1944 silly audit   'tiny-inflate': [ '1.0.3' ],
1944 silly audit   'resolve-pkg-maps': [ '1.0.0' ],
1944 silly audit   argparse: [ '2.0.1' ],
1944 silly audit   '@jridgewell/sourcemap-codec': [ '1.6.0' ],
1944 silly audit   '@babel/parser': [ '7.29.9' ],
1944 silly audit   '@babel/types': [ '7.29.8' ],
1944 silly audit   'source-map-js': [ '1.2.1' ],
1944 silly audit   '@babel/helper-string-parser': [ '7.29.7' ],
1944 silly audit   '@babel/helper-validator-identifier': [ '7.29.7' ],
1944 silly audit   'yocto-queue': [ '1.2.2' ],
1944 silly audit   eventemitter3: [ '5.0.4' ],
1944 silly audit   'p-timeout': [ '7.0.2' ],
1944 silly audit   '@types/nlcst': [ '2.0.3' ],
1944 silly audit   'nlcst-to-string': [ '4.0.0' ],
1944 silly audit   'unist-util-visit': [ '5.1.0' ],
1944 silly audit   '@bruits/satteri-darwin-arm64': [ '0.10.5' ],
1944 silly audit   '@bruits/satteri-darwin-x64': [ '0.10.5' ],
1944 silly audit   '@bruits/satteri-linux-arm64-gnu': [ '0.10.5' ],
1944 silly audit   '@bruits/satteri-linux-arm64-musl': [ '0.10.5' ],
1944 silly audit   '@bruits/satteri-linux-x64-gnu': [ '0.10.5' ],
1944 silly audit   '@bruits/satteri-linux-x64-musl': [ '0.10.5' ],
1944 silly audit   '@bruits/satteri-wasm32-wasi': [ '0.10.5' ],
1944 silly audit   '@bruits/satteri-win32-arm64-msvc': [ '0.10.5' ],
1944 silly audit   '@bruits/satteri-win32-x64-msvc': [ '0.10.5' ],
1944 silly audit   '@types/estree-jsx': [ '1.0.5' ],
1944 silly audit   '@types/estree': [ '1.0.9' ],
1944 silly audit   '@img/colour': [ '1.1.0' ],
1944 silly audit   '@img/sharp-darwin-arm64': [ '0.35.4' ],
1944 silly audit   '@img/sharp-darwin-x64': [ '0.35.4' ],
1944 silly audit   '@img/sharp-freebsd-wasm32': [ '0.35.4' ],
1944 silly audit   '@img/sharp-libvips-darwin-arm64': [ '1.3.3' ],
1944 silly audit   '@img/sharp-libvips-darwin-x64': [ '1.3.3' ],
1944 silly audit   '@img/sharp-libvips-linux-arm': [ '1.3.3' ],
1944 silly audit   '@img/sharp-libvips-linux-arm64': [ '1.3.3' ],
1944 silly audit   '@img/sharp-libvips-linux-ppc64': [ '1.3.3' ],
1944 silly audit   '@img/sharp-libvips-linux-riscv64': [ '1.3.3' ],
1944 silly audit   '@img/sharp-libvips-linux-s390x': [ '1.3.3' ],
1944 silly audit   '@img/sharp-libvips-linux-x64': [ '1.3.3' ],
1944 silly audit   '@img/sharp-libvips-linuxmusl-arm64': [ '1.3.3' ],
1944 silly audit   '@img/sharp-libvips-linuxmusl-x64': [ '1.3.3' ],
1944 silly audit   '@img/sharp-linux-arm': [ '0.35.4' ],
1944 silly audit   '@img/sharp-linux-arm64': [ '0.35.4' ],
1944 silly audit   '@img/sharp-linux-ppc64': [ '0.35.4' ],
1944 silly audit   '@img/sharp-linux-riscv64': [ '0.35.4' ],
1944 silly audit   '@img/sharp-linux-s390x': [ '0.35.4' ],
1944 silly audit   '@img/sharp-linux-x64': [ '0.35.4' ],
1944 silly audit   '@img/sharp-linuxmusl-arm64': [ '0.35.4' ],
1944 silly audit   '@img/sharp-linuxmusl-x64': [ '0.35.4' ],
1944 silly audit   '@img/sharp-webcontainers-wasm32': [ '0.35.4' ],
1944 silly audit   '@img/sharp-win32-arm64': [ '0.35.4' ],
1944 silly audit   '@img/sharp-win32-ia32': [ '0.35.4' ],
1944 silly audit   '@img/sharp-win32-x64': [ '0.35.4' ],
1944 silly audit   'detect-libc': [ '2.1.2' ],
1944 silly audit   semver: [ '7.8.5' ],
1944 silly audit   '@img/sharp-wasm32': [ '0.35.4' ],
1944 silly audit   '@shikijs/core': [ '4.4.3' ],
1944 silly audit   '@shikijs/engine-javascript': [ '4.4.3' ],
1944 silly audit   '@shikijs/engine-oniguruma': [ '4.4.3' ],
1944 silly audit   '@shikijs/langs': [ '4.4.3' ],
1944 silly audit   '@shikijs/themes': [ '4.4.3' ],
1944 silly audit   '@shikijs/types': [ '4.4.3' ],
1944 silly audit   '@shikijs/vscode-textmate': [ '10.0.2' ],
1944 silly audit   '@shikijs/primitive': [ '4.4.3' ],
1944 silly audit   'hast-util-to-html': [ '9.0.5' ],
1944 silly audit   'oniguruma-to-es': [ '4.3.6' ],
1944 silly audit   ccount: [ '2.0.1' ],
1944 silly audit   'comma-separated-tokens': [ '2.0.3' ],
1944 silly audit   'hast-util-whitespace': [ '3.0.0' ],
1944 silly audit   'html-void-elements': [ '3.0.0' ],
1944 silly audit   'mdast-util-to-hast': [ '13.2.1' ],
1944 silly audit   'property-information': [ '7.2.0' ],
1944 silly audit   'space-separated-tokens': [ '2.0.2' ],
1944 silly audit   'stringify-entities': [ '4.0.4' ],
1944 silly audit   zwitch: [ '2.0.4' ],
1944 silly audit   '@ungap/structured-clone': [ '1.4.0' ],
1944 silly audit   devlop: [ '1.1.0' ],
1944 silly audit   'micromark-util-sanitize-uri': [ '2.0.1' ],
1944 silly audit   'trim-lines': [ '3.0.1' ],
1944 silly audit   'unist-util-position': [ '5.0.0' ],
1944 silly audit   vfile: [ '6.0.3' ],
1944 silly audit   dequal: [ '2.0.3' ],
1944 silly audit   'micromark-util-character': [ '2.1.1' ],
1944 silly audit   'micromark-util-encode': [ '2.0.1' ],
1944 silly audit   'micromark-util-symbol': [ '2.0.1' ],
1944 silly audit   'micromark-util-types': [ '2.0.2' ],
1944 silly audit   'oniguruma-parser': [ '0.12.2' ],
1944 silly audit   regex: [ '6.1.0' ],
1944 silly audit   'regex-recursion': [ '6.0.2' ],
1944 silly audit   'regex-utilities': [ '2.3.0' ],
1944 silly audit   '@types/node': [ '24.13.6' ],
1944 silly audit   '@types/sax': [ '1.2.7' ],
1944 silly audit   arg: [ '5.0.2' ],
1944 silly audit   sax: [ '1.6.1' ],
1944 silly audit   'undici-types': [ '7.18.2' ],
1944 silly audit   'character-entities-html4': [ '2.1.0' ],
1944 silly audit   'character-entities-legacy': [ '3.0.0' ],
1944 silly audit   anynum: [ '1.0.1' ],
1944 silly audit   commander: [ '11.1.0' ],
1944 silly audit   'css-select': [ '6.0.0' ],
1944 silly audit   'css-tree': [ '3.2.1', '2.2.1' ],
1944 silly audit   'css-what': [ '7.0.0' ],
1944 silly audit   csso: [ '5.0.5' ],
1944 silly audit   picocolors: [ '1.1.1' ],
1944 silly audit   boolbase: [ '1.0.0' ],
1944 silly audit   domhandler: [ '5.0.3' ],
1944 silly audit   domutils: [ '3.2.2' ],
1944 silly audit   'nth-check': [ '2.1.1' ],
1944 silly audit   'mdn-data': [ '2.27.1', '2.0.28' ],
1944 silly audit   domelementtype: [ '2.3.0' ],
1944 silly audit   'dom-serializer': [ '2.0.0' ],
1944 silly audit   entities: [ '4.5.0' ],
1944 silly audit   fdir: [ '6.5.0' ],
1944 silly audit   '@typescript/typescript-aix-ppc64': [ '7.0.2' ],
1944 silly audit   '@typescript/typescript-darwin-arm64': [ '7.0.2' ],
1944 silly audit   '@typescript/typescript-darwin-x64': [ '7.0.2' ],
1944 silly audit   '@typescript/typescript-freebsd-arm64': [ '7.0.2' ],
1944 silly audit   '@typescript/typescript-freebsd-x64': [ '7.0.2' ],
1944 silly audit   '@typescript/typescript-linux-arm': [ '7.0.2' ],
1944 silly audit   '@typescript/typescript-linux-arm64': [ '7.0.2' ],
1944 silly audit   '@typescript/typescript-linux-loong64': [ '7.0.2' ],
1944 silly audit   '@typescript/typescript-linux-mips64el': [ '7.0.2' ],
1944 silly audit   '@typescript/typescript-linux-ppc64': [ '7.0.2' ],
1944 silly audit   '@typescript/typescript-linux-riscv64': [ '7.0.2' ],
1944 silly audit   '@typescript/typescript-linux-s390x': [ '7.0.2' ],
1944 silly audit   '@typescript/typescript-linux-x64': [ '7.0.2' ],
1944 silly audit   '@typescript/typescript-netbsd-arm64': [ '7.0.2' ],
1944 silly audit   '@typescript/typescript-netbsd-x64': [ '7.0.2' ],
1944 silly audit   '@typescript/typescript-openbsd-arm64': [ '7.0.2' ],
1944 silly audit   '@typescript/typescript-openbsd-x64': [ '7.0.2' ],
1944 silly audit   '@typescript/typescript-sunos-x64': [ '7.0.2' ],
1944 silly audit   '@typescript/typescript-win32-arm64': [ '7.0.2' ],
1944 silly audit   '@typescript/typescript-win32-x64': [ '7.0.2' ],
1944 silly audit   bail: [ '2.0.2' ],
1944 silly audit   extend: [ '3.0.2' ],
1944 silly audit   'is-plain-obj': [ '4.1.0' ],
1944 silly audit   trough: [ '2.2.0' ],
1944 silly audit   ohash: [ '2.0.12' ],
1944 silly audit   undici: [ '8.11.2' ],
1944 silly audit   'unist-util-is': [ '6.0.1' ],
1944 silly audit   'unist-util-visit-parents': [ '6.0.2' ],
1944 silly audit   anymatch: [ '3.1.3' ],
1944 silly audit   chokidar: [ '5.0.0' ],
1944 silly audit   destr: [ '2.0.5' ],
1944 silly audit   h3: [ '1.15.11' ],
1944 silly audit   'lru-cache': [ '11.5.3' ],
1944 silly audit   'node-fetch-native': [ '1.6.7' ],
1944 silly audit   ofetch: [ '1.5.1' ],
1944 silly audit   ufo: [ '1.6.4' ],
1944 silly audit   'normalize-path': [ '3.0.0' ],
1944 silly audit   readdirp: [ '5.1.1' ],
1944 silly audit   'cookie-es': [ '1.2.3' ],
1944 silly audit   crossws: [ '0.3.5' ],
1944 silly audit   defu: [ '6.1.7' ],
1944 silly audit   'iron-webcrypto': [ '1.2.1' ],
1944 silly audit   'node-mock-http': [ '1.0.5' ],
1944 silly audit   radix3: [ '1.1.2' ],
1944 silly audit   uncrypto: [ '0.1.3' ],
1944 silly audit   'vfile-message': [ '4.0.3' ],
1944 silly audit   'unist-util-stringify-position': [ '4.0.0' ],
1944 silly audit   fsevents: [ '2.3.3' ],
1944 silly audit   lightningcss: [ '1.33.0' ],
1944 silly audit   postcss: [ '8.5.28' ],
1944 silly audit   rolldown: [ '1.2.11' ],
1944 silly audit   'lightningcss-android-arm64': [ '1.33.0' ],
1944 silly audit   'lightningcss-darwin-arm64': [ '1.33.0' ],
1944 silly audit   'lightningcss-darwin-x64': [ '1.33.0' ],
1944 silly audit   'lightningcss-freebsd-x64': [ '1.33.0' ],
1944 silly audit   'lightningcss-linux-arm-gnueabihf': [ '1.33.0' ],
1944 silly audit   'lightningcss-linux-arm64-gnu': [ '1.33.0' ],
1944 silly audit   'lightningcss-linux-arm64-musl': [ '1.33.0' ],
1944 silly audit   'lightningcss-linux-x64-gnu': [ '1.33.0' ],
1944 silly audit   'lightningcss-linux-x64-musl': [ '1.33.0' ],
1944 silly audit   'lightningcss-win32-arm64-msvc': [ '1.33.0' ],
1944 silly audit   'lightningcss-win32-x64-msvc': [ '1.33.0' ],
1944 silly audit   nanoid: [ '3.3.19' ],
1944 silly audit   '@oxc-project/types': [ '0.151.0' ],
1944 silly audit   '@rolldown/binding-android-arm-eabi': [ '1.2.11' ],
1944 silly audit   '@rolldown/binding-android-arm64': [ '1.2.11' ],
1944 silly audit   '@rolldown/binding-darwin-arm64': [ '1.2.11' ],
1944 silly audit   '@rolldown/binding-darwin-x64': [ '1.2.11' ],
1944 silly audit   '@rolldown/binding-freebsd-x64': [ '1.2.11' ],
1944 silly audit   '@rolldown/binding-linux-arm-gnueabihf': [ '1.2.11' ],
1944 silly audit   '@rolldown/binding-linux-arm64-gnu': [ '1.2.11' ],
1944 silly audit   '@rolldown/binding-linux-arm64-musl': [ '1.2.11' ],
1944 silly audit   '@rolldown/binding-linux-ppc64-gnu': [ '1.2.11' ],
1944 silly audit   '@rolldown/binding-linux-s390x-gnu': [ '1.2.11' ],
1944 silly audit   '@rolldown/binding-linux-x64-gnu': [ '1.2.11' ],
1944 silly audit   '@rolldown/binding-linux-x64-musl': [ '1.2.11' ],
1944 silly audit   '@rolldown/binding-openharmony-arm64': [ '1.2.11' ],
1944 silly audit   '@rolldown/binding-win32-arm64-msvc': [ '1.2.11' ],
1944 silly audit   '@rolldown/binding-win32-x64-msvc': [ '1.2.11' ],
1944 silly audit   '@rolldown/pluginutils': [ '1.0.1' ]
1944 silly audit }
1945 verbose reify failed optional dependency C:\Users\ssamy\Documents\Codex\2026-09-24\cre\node_modules\@rolldown\binding-win32-arm64-msvc
1946 silly reify mark deleted [
1946 silly reify   'C:\\Users\\ssamy\\Documents\\Codex\\2026-09-24\\cre\\node_modules\\@rolldown\\binding-win32-arm64-msvc'
1946 silly reify ]
1947 verbose reify failed optional dependency C:\Users\ssamy\Documents\Codex\2026-09-24\cre\node_modules\@rolldown\binding-openharmony-arm64
1948 silly reify mark deleted [
1948 silly reify   'C:\\Users\\ssamy\\Documents\\Codex\\2026-09-24\\cre\\node_modules\\@rolldown\\binding-openharmony-arm64'
1948 silly reify ]
1949 verbose reify failed optional dependency C:\Users\ssamy\Documents\Codex\2026-09-24\cre\node_modules\@rolldown\binding-linux-x64-musl
1950 silly reify mark deleted [
1950 silly reify   'C:\\Users\\ssamy\\Documents\\Codex\\2026-09-24\\cre\\node_modules\\@rolldown\\binding-linux-x64-musl'
1950 silly reify ]
1951 verbose reify failed optional dependency C:\Users\ssamy\Documents\Codex\2026-09-24\cre\node_modules\@rolldown\binding-linux-x64-gnu
1952 silly reify mark deleted [
1952 silly reify   'C:\\Users\\ssamy\\Documents\\Codex\\2026-09-24\\cre\\node_modules\\@rolldown\\binding-linux-x64-gnu'
1952 silly reify ]
1953 verbose reify failed optional dependency C:\Users\ssamy\Documents\Codex\2026-09-24\cre\node_modules\@rolldown\binding-linux-s390x-gnu
1954 silly reify mark deleted [
1954 silly reify   'C:\\Users\\ssamy\\Documents\\Codex\\2026-09-24\\cre\\node_modules\\@rolldown\\binding-linux-s390x-gnu'
1954 silly reify ]
1955 verbose reify failed optional dependency C:\Users\ssamy\Documents\Codex\2026-09-24\cre\node_modules\@rolldown\binding-linux-ppc64-gnu
1956 silly reify mark deleted [
1956 silly reify   'C:\\Users\\ssamy\\Documents\\Codex\\2026-09-24\\cre\\node_modules\\@rolldown\\binding-linux-ppc64-gnu'
1956 silly reify ]
1957 verbose reify failed optional dependency C:\Users\ssamy\Documents\Codex\2026-09-24\cre\node_modules\@rolldown\binding-linux-arm64-musl
1958 silly reify mark deleted [
1958 silly reify   'C:\\Users\\ssamy\\Documents\\Codex\\2026-09-24\\cre\\node_modules\\@rolldown\\binding-linux-arm64-musl'
1958 silly reify ]
1959 verbose reify failed optional dependency C:\Users\ssamy\Documents\Codex\2026-09-24\cre\node_modules\@rolldown\binding-linux-arm64-gnu
1960 silly reify mark deleted [
1960 silly reify   'C:\\Users\\ssamy\\Documents\\Codex\\2026-09-24\\cre\\node_modules\\@rolldown\\binding-linux-arm64-gnu'
1960 silly reify ]
1961 verbose reify failed optional dependency C:\Users\ssamy\Documents\Codex\2026-09-24\cre\node_modules\@rolldown\binding-linux-arm-gnueabihf
1962 silly reify mark deleted [
1962 silly reify   'C:\\Users\\ssamy\\Documents\\Codex\\2026-09-24\\cre\\node_modules\\@rolldown\\binding-linux-arm-gnueabihf'
1962 silly reify ]
1963 verbose reify failed optional dependency C:\Users\ssamy\Documents\Codex\2026-09-24\cre\node_modules\@rolldown\binding-freebsd-x64
1964 silly reify mark deleted [
1964 silly reify   'C:\\Users\\ssamy\\Documents\\Codex\\2026-09-24\\cre\\node_modules\\@rolldown\\binding-freebsd-x64'
1964 silly reify ]
1965 verbose reify failed optional dependency C:\Users\ssamy\Documents\Codex\2026-09-24\cre\node_modules\@rolldown\binding-darwin-x64
1966 silly reify mark deleted [
1966 silly reify   'C:\\Users\\ssamy\\Documents\\Codex\\2026-09-24\\cre\\node_modules\\@rolldown\\binding-darwin-x64'
1966 silly reify ]
1967 verbose reify failed optional dependency C:\Users\ssamy\Documents\Codex\2026-09-24\cre\node_modules\@rolldown\binding-darwin-arm64
1968 silly reify mark deleted [
1968 silly reify   'C:\\Users\\ssamy\\Documents\\Codex\\2026-09-24\\cre\\node_modules\\@rolldown\\binding-darwin-arm64'
1968 silly reify ]
1969 verbose reify failed optional dependency C:\Users\ssamy\Documents\Codex\2026-09-24\cre\node_modules\@rolldown\binding-android-arm64
1970 silly reify mark deleted [
1970 silly reify   'C:\\Users\\ssamy\\Documents\\Codex\\2026-09-24\\cre\\node_modules\\@rolldown\\binding-android-arm64'
1970 silly reify ]
1971 verbose reify failed optional dependency C:\Users\ssamy\Documents\Codex\2026-09-24\cre\node_modules\@rolldown\binding-android-arm-eabi
1972 silly reify mark deleted [
1972 silly reify   'C:\\Users\\ssamy\\Documents\\Codex\\2026-09-24\\cre\\node_modules\\@rolldown\\binding-android-arm-eabi'
1972 silly reify ]
1973 verbose reify failed optional dependency C:\Users\ssamy\Documents\Codex\2026-09-24\cre\node_modules\lightningcss-win32-arm64-msvc
1974 silly reify mark deleted [
1974 silly reify   'C:\\Users\\ssamy\\Documents\\Codex\\2026-09-24\\cre\\node_modules\\lightningcss-win32-arm64-msvc'
1974 silly reify ]
1975 verbose reify failed optional dependency C:\Users\ssamy\Documents\Codex\2026-09-24\cre\node_modules\lightningcss-linux-x64-musl
1976 silly reify mark deleted [
1976 silly reify   'C:\\Users\\ssamy\\Documents\\Codex\\2026-09-24\\cre\\node_modules\\lightningcss-linux-x64-musl'
1976 silly reify ]
1977 verbose reify failed optional dependency C:\Users\ssamy\Documents\Codex\2026-09-24\cre\node_modules\lightningcss-linux-x64-gnu
1978 silly reify mark deleted [
1978 silly reify   'C:\\Users\\ssamy\\Documents\\Codex\\2026-09-24\\cre\\node_modules\\lightningcss-linux-x64-gnu'
1978 silly reify ]
1979 verbose reify failed optional dependency C:\Users\ssamy\Documents\Codex\2026-09-24\cre\node_modules\lightningcss-linux-arm64-musl
1980 silly reify mark deleted [
1980 silly reify   'C:\\Users\\ssamy\\Documents\\Codex\\2026-09-24\\cre\\node_modules\\lightningcss-linux-arm64-musl'
1980 silly reify ]
1981 verbose reify failed optional dependency C:\Users\ssamy\Documents\Codex\2026-09-24\cre\node_modules\lightningcss-linux-arm64-gnu
1982 silly reify mark deleted [
1982 silly reify   'C:\\Users\\ssamy\\Documents\\Codex\\2026-09-24\\cre\\node_modules\\lightningcss-linux-arm64-gnu'
1982 silly reify ]
1983 verbose reify failed optional dependency C:\Users\ssamy\Documents\Codex\2026-09-24\cre\node_modules\lightningcss-linux-arm-gnueabihf
1984 silly reify mark deleted [
1984 silly reify   'C:\\Users\\ssamy\\Documents\\Codex\\2026-09-24\\cre\\node_modules\\lightningcss-linux-arm-gnueabihf'
1984 silly reify ]
1985 verbose reify failed optional dependency C:\Users\ssamy\Documents\Codex\2026-09-24\cre\node_modules\lightningcss-freebsd-x64
1986 silly reify mark deleted [
1986 silly reify   'C:\\Users\\ssamy\\Documents\\Codex\\2026-09-24\\cre\\node_modules\\lightningcss-freebsd-x64'
1986 silly reify ]
1987 verbose reify failed optional dependency C:\Users\ssamy\Documents\Codex\2026-09-24\cre\node_modules\lightningcss-darwin-x64
1988 silly reify mark deleted [
1988 silly reify   'C:\\Users\\ssamy\\Documents\\Codex\\2026-09-24\\cre\\node_modules\\lightningcss-darwin-x64'
1988 silly reify ]
1989 verbose reify failed optional dependency C:\Users\ssamy\Documents\Codex\2026-09-24\cre\node_modules\lightningcss-darwin-arm64
1990 silly reify mark deleted [
1990 silly reify   'C:\\Users\\ssamy\\Documents\\Codex\\2026-09-24\\cre\\node_modules\\lightningcss-darwin-arm64'
1990 silly reify ]
1991 verbose reify failed optional dependency C:\Users\ssamy\Documents\Codex\2026-09-24\cre\node_modules\lightningcss-android-arm64
1992 silly reify mark deleted [
1992 silly reify   'C:\\Users\\ssamy\\Documents\\Codex\\2026-09-24\\cre\\node_modules\\lightningcss-android-arm64'
1992 silly reify ]
1993 verbose reify failed optional dependency C:\Users\ssamy\Documents\Codex\2026-09-24\cre\node_modules\fsevents
1994 silly reify mark deleted [
1994 silly reify   'C:\\Users\\ssamy\\Documents\\Codex\\2026-09-24\\cre\\node_modules\\fsevents'
1994 silly reify ]
1995 verbose reify failed optional dependency C:\Users\ssamy\Documents\Codex\2026-09-24\cre\node_modules\@typescript\typescript-win32-arm64
1996 silly reify mark deleted [
1996 silly reify   'C:\\Users\\ssamy\\Documents\\Codex\\2026-09-24\\cre\\node_modules\\@typescript\\typescript-win32-arm64'
1996 silly reify ]
1997 verbose reify failed optional dependency C:\Users\ssamy\Documents\Codex\2026-09-24\cre\node_modules\@typescript\typescript-sunos-x64
1998 silly reify mark deleted [
1998 silly reify   'C:\\Users\\ssamy\\Documents\\Codex\\2026-09-24\\cre\\node_modules\\@typescript\\typescript-sunos-x64'
1998 silly reify ]
1999 verbose reify failed optional dependency C:\Users\ssamy\Documents\Codex\2026-09-24\cre\node_modules\@typescript\typescript-openbsd-x64
2000 silly reify mark deleted [
2000 silly reify   'C:\\Users\\ssamy\\Documents\\Codex\\2026-09-24\\cre\\node_modules\\@typescript\\typescript-openbsd-x64'
2000 silly reify ]
2001 verbose reify failed optional dependency C:\Users\ssamy\Documents\Codex\2026-09-24\cre\node_modules\@typescript\typescript-openbsd-arm64
2002 silly reify mark deleted [
2002 silly reify   'C:\\Users\\ssamy\\Documents\\Codex\\2026-09-24\\cre\\node_modules\\@typescript\\typescript-openbsd-arm64'
2002 silly reify ]
2003 verbose reify failed optional dependency C:\Users\ssamy\Documents\Codex\2026-09-24\cre\node_modules\@typescript\typescript-netbsd-x64
2004 silly reify mark deleted [
2004 silly reify   'C:\\Users\\ssamy\\Documents\\Codex\\2026-09-24\\cre\\node_modules\\@typescript\\typescript-netbsd-x64'
2004 silly reify ]
2005 verbose reify failed optional dependency C:\Users\ssamy\Documents\Codex\2026-09-24\cre\node_modules\@typescript\typescript-netbsd-arm64
2006 silly reify mark deleted [
2006 silly reify   'C:\\Users\\ssamy\\Documents\\Codex\\2026-09-24\\cre\\node_modules\\@typescript\\typescript-netbsd-arm64'
2006 silly reify ]
2007 verbose reify failed optional dependency C:\Users\ssamy\Documents\Codex\2026-09-24\cre\node_modules\@typescript\typescript-linux-x64
2008 silly reify mark deleted [
2008 silly reify   'C:\\Users\\ssamy\\Documents\\Codex\\2026-09-24\\cre\\node_modules\\@typescript\\typescript-linux-x64'
2008 silly reify ]
2009 verbose reify failed optional dependency C:\Users\ssamy\Documents\Codex\2026-09-24\cre\node_modules\@typescript\typescript-linux-s390x
2010 silly reify mark deleted [
2010 silly reify   'C:\\Users\\ssamy\\Documents\\Codex\\2026-09-24\\cre\\node_modules\\@typescript\\typescript-linux-s390x'
2010 silly reify ]
2011 verbose reify failed optional dependency C:\Users\ssamy\Documents\Codex\2026-09-24\cre\node_modules\@typescript\typescript-linux-riscv64
2012 silly reify mark deleted [
2012 silly reify   'C:\\Users\\ssamy\\Documents\\Codex\\2026-09-24\\cre\\node_modules\\@typescript\\typescript-linux-riscv64'
2012 silly reify ]
2013 verbose reify failed optional dependency C:\Users\ssamy\Documents\Codex\2026-09-24\cre\node_modules\@typescript\typescript-linux-ppc64
2014 silly reify mark deleted [
2014 silly reify   'C:\\Users\\ssamy\\Documents\\Codex\\2026-09-24\\cre\\node_modules\\@typescript\\typescript-linux-ppc64'
2014 silly reify ]
2015 verbose reify failed optional dependency C:\Users\ssamy\Documents\Codex\2026-09-24\cre\node_modules\@typescript\typescript-linux-mips64el
2016 silly reify mark deleted [
2016 silly reify   'C:\\Users\\ssamy\\Documents\\Codex\\2026-09-24\\cre\\node_modules\\@typescript\\typescript-linux-mips64el'
2016 silly reify ]
2017 verbose reify failed optional dependency C:\Users\ssamy\Documents\Codex\2026-09-24\cre\node_modules\@typescript\typescript-linux-loong64
2018 silly reify mark deleted [
2018 silly reify   'C:\\Users\\ssamy\\Documents\\Codex\\2026-09-24\\cre\\node_modules\\@typescript\\typescript-linux-loong64'
2018 silly reify ]
2019 verbose reify failed optional dependency C:\Users\ssamy\Documents\Codex\2026-09-24\cre\node_modules\@typescript\typescript-linux-arm64
2020 silly reify mark deleted [
2020 silly reify   'C:\\Users\\ssamy\\Documents\\Codex\\2026-09-24\\cre\\node_modules\\@typescript\\typescript-linux-arm64'
2020 silly reify ]
2021 verbose reify failed optional dependency C:\Users\ssamy\Documents\Codex\2026-09-24\cre\node_modules\@typescript\typescript-linux-arm
2022 silly reify mark deleted [
2022 silly reify   'C:\\Users\\ssamy\\Documents\\Codex\\2026-09-24\\cre\\node_modules\\@typescript\\typescript-linux-arm'
2022 silly reify ]
2023 verbose reify failed optional dependency C:\Users\ssamy\Documents\Codex\2026-09-24\cre\node_modules\@typescript\typescript-freebsd-x64
2024 silly reify mark deleted [
2024 silly reify   'C:\\Users\\ssamy\\Documents\\Codex\\2026-09-24\\cre\\node_modules\\@typescript\\typescript-freebsd-x64'
2024 silly reify ]
2025 verbose reify failed optional dependency C:\Users\ssamy\Documents\Codex\2026-09-24\cre\node_modules\@typescript\typescript-freebsd-arm64
2026 silly reify mark deleted [
2026 silly reify   'C:\\Users\\ssamy\\Documents\\Codex\\2026-09-24\\cre\\node_modules\\@typescript\\typescript-freebsd-arm64'
2026 silly reify ]
2027 verbose reify failed optional dependency C:\Users\ssamy\Documents\Codex\2026-09-24\cre\node_modules\@typescript\typescript-darwin-x64
2028 silly reify mark deleted [
2028 silly reify   'C:\\Users\\ssamy\\Documents\\Codex\\2026-09-24\\cre\\node_modules\\@typescript\\typescript-darwin-x64'
2028 silly reify ]
2029 verbose reify failed optional dependency C:\Users\ssamy\Documents\Codex\2026-09-24\cre\node_modules\@typescript\typescript-darwin-arm64
2030 silly reify mark deleted [
2030 silly reify   'C:\\Users\\ssamy\\Documents\\Codex\\2026-09-24\\cre\\node_modules\\@typescript\\typescript-darwin-arm64'
2030 silly reify ]
2031 verbose reify failed optional dependency C:\Users\ssamy\Documents\Codex\2026-09-24\cre\node_modules\@typescript\typescript-aix-ppc64
2032 silly reify mark deleted [
2032 silly reify   'C:\\Users\\ssamy\\Documents\\Codex\\2026-09-24\\cre\\node_modules\\@typescript\\typescript-aix-ppc64'
2032 silly reify ]
2033 verbose reify failed optional dependency C:\Users\ssamy\Documents\Codex\2026-09-24\cre\node_modules\@img\sharp-win32-ia32
2034 silly reify mark deleted [
2034 silly reify   'C:\\Users\\ssamy\\Documents\\Codex\\2026-09-24\\cre\\node_modules\\@img\\sharp-win32-ia32'
2034 silly reify ]
2035 verbose reify failed optional dependency C:\Users\ssamy\Documents\Codex\2026-09-24\cre\node_modules\@img\sharp-win32-arm64
2036 silly reify mark deleted [
2036 silly reify   'C:\\Users\\ssamy\\Documents\\Codex\\2026-09-24\\cre\\node_modules\\@img\\sharp-win32-arm64'
2036 silly reify ]
2037 verbose reify failed optional dependency C:\Users\ssamy\Documents\Codex\2026-09-24\cre\node_modules\@img\sharp-webcontainers-wasm32
2038 silly reify mark deleted [
2038 silly reify   'C:\\Users\\ssamy\\Documents\\Codex\\2026-09-24\\cre\\node_modules\\@img\\sharp-webcontainers-wasm32'
2038 silly reify ]
2039 verbose reify failed optional dependency C:\Users\ssamy\Documents\Codex\2026-09-24\cre\node_modules\@img\sharp-linuxmusl-x64
2040 silly reify mark deleted [
2040 silly reify   'C:\\Users\\ssamy\\Documents\\Codex\\2026-09-24\\cre\\node_modules\\@img\\sharp-linuxmusl-x64'
2040 silly reify ]
2041 verbose reify failed optional dependency C:\Users\ssamy\Documents\Codex\2026-09-24\cre\node_modules\@img\sharp-linuxmusl-arm64
2042 silly reify mark deleted [
2042 silly reify   'C:\\Users\\ssamy\\Documents\\Codex\\2026-09-24\\cre\\node_modules\\@img\\sharp-linuxmusl-arm64'
2042 silly reify ]
2043 verbose reify failed optional dependency C:\Users\ssamy\Documents\Codex\2026-09-24\cre\node_modules\@img\sharp-linux-x64
2044 silly reify mark deleted [
2044 silly reify   'C:\\Users\\ssamy\\Documents\\Codex\\2026-09-24\\cre\\node_modules\\@img\\sharp-linux-x64'
2044 silly reify ]
2045 verbose reify failed optional dependency C:\Users\ssamy\Documents\Codex\2026-09-24\cre\node_modules\@img\sharp-linux-s390x
2046 silly reify mark deleted [
2046 silly reify   'C:\\Users\\ssamy\\Documents\\Codex\\2026-09-24\\cre\\node_modules\\@img\\sharp-linux-s390x'
2046 silly reify ]
2047 verbose reify failed optional dependency C:\Users\ssamy\Documents\Codex\2026-09-24\cre\node_modules\@img\sharp-linux-riscv64
2048 silly reify mark deleted [
2048 silly reify   'C:\\Users\\ssamy\\Documents\\Codex\\2026-09-24\\cre\\node_modules\\@img\\sharp-linux-riscv64'
2048 silly reify ]
2049 verbose reify failed optional dependency C:\Users\ssamy\Documents\Codex\2026-09-24\cre\node_modules\@img\sharp-linux-ppc64
2050 silly reify mark deleted [
2050 silly reify   'C:\\Users\\ssamy\\Documents\\Codex\\2026-09-24\\cre\\node_modules\\@img\\sharp-linux-ppc64'
2050 silly reify ]
2051 verbose reify failed optional dependency C:\Users\ssamy\Documents\Codex\2026-09-24\cre\node_modules\@img\sharp-linux-arm64
2052 silly reify mark deleted [
2052 silly reify   'C:\\Users\\ssamy\\Documents\\Codex\\2026-09-24\\cre\\node_modules\\@img\\sharp-linux-arm64'
2052 silly reify ]
2053 verbose reify failed optional dependency C:\Users\ssamy\Documents\Codex\2026-09-24\cre\node_modules\@img\sharp-linux-arm
2054 silly reify mark deleted [
2054 silly reify   'C:\\Users\\ssamy\\Documents\\Codex\\2026-09-24\\cre\\node_modules\\@img\\sharp-linux-arm'
2054 silly reify ]
2055 verbose reify failed optional dependency C:\Users\ssamy\Documents\Codex\2026-09-24\cre\node_modules\@img\sharp-libvips-linuxmusl-x64
2056 silly reify mark deleted [
2056 silly reify   'C:\\Users\\ssamy\\Documents\\Codex\\2026-09-24\\cre\\node_modules\\@img\\sharp-libvips-linuxmusl-x64'
2056 silly reify ]
2057 verbose reify failed optional dependency C:\Users\ssamy\Documents\Codex\2026-09-24\cre\node_modules\@img\sharp-libvips-linuxmusl-arm64
2058 silly reify mark deleted [
2058 silly reify   'C:\\Users\\ssamy\\Documents\\Codex\\2026-09-24\\cre\\node_modules\\@img\\sharp-libvips-linuxmusl-arm64'
2058 silly reify ]
2059 verbose reify failed optional dependency C:\Users\ssamy\Documents\Codex\2026-09-24\cre\node_modules\@img\sharp-libvips-linux-x64
2060 silly reify mark deleted [
2060 silly reify   'C:\\Users\\ssamy\\Documents\\Codex\\2026-09-24\\cre\\node_modules\\@img\\sharp-libvips-linux-x64'
2060 silly reify ]
2061 verbose reify failed optional dependency C:\Users\ssamy\Documents\Codex\2026-09-24\cre\node_modules\@img\sharp-libvips-linux-s390x
2062 silly reify mark deleted [
2062 silly reify   'C:\\Users\\ssamy\\Documents\\Codex\\2026-09-24\\cre\\node_modules\\@img\\sharp-libvips-linux-s390x'
2062 silly reify ]
2063 verbose reify failed optional dependency C:\Users\ssamy\Documents\Codex\2026-09-24\cre\node_modules\@img\sharp-libvips-linux-riscv64
2064 silly reify mark deleted [
2064 silly reify   'C:\\Users\\ssamy\\Documents\\Codex\\2026-09-24\\cre\\node_modules\\@img\\sharp-libvips-linux-riscv64'
2064 silly reify ]
2065 verbose reify failed optional dependency C:\Users\ssamy\Documents\Codex\2026-09-24\cre\node_modules\@img\sharp-libvips-linux-ppc64
2066 silly reify mark deleted [
2066 silly reify   'C:\\Users\\ssamy\\Documents\\Codex\\2026-09-24\\cre\\node_modules\\@img\\sharp-libvips-linux-ppc64'
2066 silly reify ]
2067 verbose reify failed optional dependency C:\Users\ssamy\Documents\Codex\2026-09-24\cre\node_modules\@img\sharp-libvips-linux-arm64
2068 silly reify mark deleted [
2068 silly reify   'C:\\Users\\ssamy\\Documents\\Codex\\2026-09-24\\cre\\node_modules\\@img\\sharp-libvips-linux-arm64'
2068 silly reify ]
2069 verbose reify failed optional dependency C:\Users\ssamy\Documents\Codex\2026-09-24\cre\node_modules\@img\sharp-libvips-linux-arm
2070 silly reify mark deleted [
2070 silly reify   'C:\\Users\\ssamy\\Documents\\Codex\\2026-09-24\\cre\\node_modules\\@img\\sharp-libvips-linux-arm'
2070 silly reify ]
2071 verbose reify failed optional dependency C:\Users\ssamy\Documents\Codex\2026-09-24\cre\node_modules\@img\sharp-libvips-darwin-x64
2072 silly reify mark deleted [
2072 silly reify   'C:\\Users\\ssamy\\Documents\\Codex\\2026-09-24\\cre\\node_modules\\@img\\sharp-libvips-darwin-x64'
2072 silly reify ]
2073 verbose reify failed optional dependency C:\Users\ssamy\Documents\Codex\2026-09-24\cre\node_modules\@img\sharp-libvips-darwin-arm64
2074 silly reify mark deleted [
2074 silly reify   'C:\\Users\\ssamy\\Documents\\Codex\\2026-09-24\\cre\\node_modules\\@img\\sharp-libvips-darwin-arm64'
2074 silly reify ]
2075 verbose reify failed optional dependency C:\Users\ssamy\Documents\Codex\2026-09-24\cre\node_modules\@img\sharp-freebsd-wasm32
2076 silly reify mark deleted [
2076 silly reify   'C:\\Users\\ssamy\\Documents\\Codex\\2026-09-24\\cre\\node_modules\\@img\\sharp-freebsd-wasm32'
2076 silly reify ]
2077 verbose reify failed optional dependency C:\Users\ssamy\Documents\Codex\2026-09-24\cre\node_modules\@img\sharp-darwin-x64
2078 silly reify mark deleted [
2078 silly reify   'C:\\Users\\ssamy\\Documents\\Codex\\2026-09-24\\cre\\node_modules\\@img\\sharp-darwin-x64'
2078 silly reify ]
2079 verbose reify failed optional dependency C:\Users\ssamy\Documents\Codex\2026-09-24\cre\node_modules\@img\sharp-darwin-arm64
2080 silly reify mark deleted [
2080 silly reify   'C:\\Users\\ssamy\\Documents\\Codex\\2026-09-24\\cre\\node_modules\\@img\\sharp-darwin-arm64'
2080 silly reify ]
2081 verbose reify failed optional dependency C:\Users\ssamy\Documents\Codex\2026-09-24\cre\node_modules\@bruits\satteri-win32-arm64-msvc
2082 silly reify mark deleted [
2082 silly reify   'C:\\Users\\ssamy\\Documents\\Codex\\2026-09-24\\cre\\node_modules\\@bruits\\satteri-win32-arm64-msvc'
2082 silly reify ]
2083 verbose reify failed optional dependency C:\Users\ssamy\Documents\Codex\2026-09-24\cre\node_modules\@bruits\satteri-wasm32-wasi
2084 silly reify mark deleted [
2084 silly reify   'C:\\Users\\ssamy\\Documents\\Codex\\2026-09-24\\cre\\node_modules\\@bruits\\satteri-wasm32-wasi'
2084 silly reify ]
2085 verbose reify failed optional dependency C:\Users\ssamy\Documents\Codex\2026-09-24\cre\node_modules\@bruits\satteri-wasm32-wasi\node_modules\@emnapi\core
2086 silly reify mark deleted [
2086 silly reify   'C:\\Users\\ssamy\\Documents\\Codex\\2026-09-24\\cre\\node_modules\\@bruits\\satteri-wasm32-wasi\\node_modules\\@emnapi\\core'
2086 silly reify ]
2087 verbose reify failed optional dependency C:\Users\ssamy\Documents\Codex\2026-09-24\cre\node_modules\@bruits\satteri-wasm32-wasi\node_modules\@emnapi\runtime
2088 silly reify mark deleted [
2088 silly reify   'C:\\Users\\ssamy\\Documents\\Codex\\2026-09-24\\cre\\node_modules\\@bruits\\satteri-wasm32-wasi\\node_modules\\@emnapi\\runtime'
2088 silly reify ]
2089 verbose reify failed optional dependency C:\Users\ssamy\Documents\Codex\2026-09-24\cre\node_modules\@bruits\satteri-wasm32-wasi\node_modules\@emnapi\wasi-threads
2090 silly reify mark deleted [
2090 silly reify   'C:\\Users\\ssamy\\Documents\\Codex\\2026-09-24\\cre\\node_modules\\@bruits\\satteri-wasm32-wasi\\node_modules\\@emnapi\\wasi-threads'
2090 silly reify ]
2091 verbose reify failed optional dependency C:\Users\ssamy\Documents\Codex\2026-09-24\cre\node_modules\@bruits\satteri-linux-x64-musl
2092 silly reify mark deleted [
2092 silly reify   'C:\\Users\\ssamy\\Documents\\Codex\\2026-09-24\\cre\\node_modules\\@bruits\\satteri-linux-x64-musl'
2092 silly reify ]
2093 verbose reify failed optional dependency C:\Users\ssamy\Documents\Codex\2026-09-24\cre\node_modules\@bruits\satteri-linux-x64-gnu
2094 silly reify mark deleted [
2094 silly reify   'C:\\Users\\ssamy\\Documents\\Codex\\2026-09-24\\cre\\node_modules\\@bruits\\satteri-linux-x64-gnu'
2094 silly reify ]
2095 verbose reify failed optional dependency C:\Users\ssamy\Documents\Codex\2026-09-24\cre\node_modules\@bruits\satteri-linux-arm64-musl
2096 silly reify mark deleted [
2096 silly reify   'C:\\Users\\ssamy\\Documents\\Codex\\2026-09-24\\cre\\node_modules\\@bruits\\satteri-linux-arm64-musl'
2096 silly reify ]
2097 verbose reify failed optional dependency C:\Users\ssamy\Documents\Codex\2026-09-24\cre\node_modules\@bruits\satteri-linux-arm64-gnu
2098 silly reify mark deleted [
2098 silly reify   'C:\\Users\\ssamy\\Documents\\Codex\\2026-09-24\\cre\\node_modules\\@bruits\\satteri-linux-arm64-gnu'
2098 silly reify ]
2099 verbose reify failed optional dependency C:\Users\ssamy\Documents\Codex\2026-09-24\cre\node_modules\@bruits\satteri-darwin-x64
2100 silly reify mark deleted [
2100 silly reify   'C:\\Users\\ssamy\\Documents\\Codex\\2026-09-24\\cre\\node_modules\\@bruits\\satteri-darwin-x64'
2100 silly reify ]
2101 verbose reify failed optional dependency C:\Users\ssamy\Documents\Codex\2026-09-24\cre\node_modules\@bruits\satteri-darwin-arm64
2102 silly reify mark deleted [
2102 silly reify   'C:\\Users\\ssamy\\Documents\\Codex\\2026-09-24\\cre\\node_modules\\@bruits\\satteri-darwin-arm64'
2102 silly reify ]
2103 verbose reify failed optional dependency C:\Users\ssamy\Documents\Codex\2026-09-24\cre\node_modules\@esbuild\win32-ia32
2104 silly reify mark deleted [
2104 silly reify   'C:\\Users\\ssamy\\Documents\\Codex\\2026-09-24\\cre\\node_modules\\@esbuild\\win32-ia32'
2104 silly reify ]
2105 verbose reify failed optional dependency C:\Users\ssamy\Documents\Codex\2026-09-24\cre\node_modules\@esbuild\win32-arm64
2106 silly reify mark deleted [
2106 silly reify   'C:\\Users\\ssamy\\Documents\\Codex\\2026-09-24\\cre\\node_modules\\@esbuild\\win32-arm64'
2106 silly reify ]
2107 verbose reify failed optional dependency C:\Users\ssamy\Documents\Codex\2026-09-24\cre\node_modules\@esbuild\sunos-x64
2108 silly reify mark deleted [
2108 silly reify   'C:\\Users\\ssamy\\Documents\\Codex\\2026-09-24\\cre\\node_modules\\@esbuild\\sunos-x64'
2108 silly reify ]
2109 verbose reify failed optional dependency C:\Users\ssamy\Documents\Codex\2026-09-24\cre\node_modules\@esbuild\openharmony-arm64
2110 silly reify mark deleted [
2110 silly reify   'C:\\Users\\ssamy\\Documents\\Codex\\2026-09-24\\cre\\node_modules\\@esbuild\\openharmony-arm64'
2110 silly reify ]
2111 verbose reify failed optional dependency C:\Users\ssamy\Documents\Codex\2026-09-24\cre\node_modules\@esbuild\openbsd-x64
2112 silly reify mark deleted [
2112 silly reify   'C:\\Users\\ssamy\\Documents\\Codex\\2026-09-24\\cre\\node_modules\\@esbuild\\openbsd-x64'
2112 silly reify ]
2113 verbose reify failed optional dependency C:\Users\ssamy\Documents\Codex\2026-09-24\cre\node_modules\@esbuild\openbsd-arm64
2114 silly reify mark deleted [
2114 silly reify   'C:\\Users\\ssamy\\Documents\\Codex\\2026-09-24\\cre\\node_modules\\@esbuild\\openbsd-arm64'
2114 silly reify ]
2115 verbose reify failed optional dependency C:\Users\ssamy\Documents\Codex\2026-09-24\cre\node_modules\@esbuild\netbsd-x64
2116 silly reify mark deleted [
2116 silly reify   'C:\\Users\\ssamy\\Documents\\Codex\\2026-09-24\\cre\\node_modules\\@esbuild\\netbsd-x64'
2116 silly reify ]
2117 verbose reify failed optional dependency C:\Users\ssamy\Documents\Codex\2026-09-24\cre\node_modules\@esbuild\netbsd-arm64
2118 silly reify mark deleted [
2118 silly reify   'C:\\Users\\ssamy\\Documents\\Codex\\2026-09-24\\cre\\node_modules\\@esbuild\\netbsd-arm64'
2118 silly reify ]
2119 verbose reify failed optional dependency C:\Users\ssamy\Documents\Codex\2026-09-24\cre\node_modules\@esbuild\linux-x64
2120 silly reify mark deleted [
2120 silly reify   'C:\\Users\\ssamy\\Documents\\Codex\\2026-09-24\\cre\\node_modules\\@esbuild\\linux-x64'
2120 silly reify ]
2121 verbose reify failed optional dependency C:\Users\ssamy\Documents\Codex\2026-09-24\cre\node_modules\@esbuild\linux-s390x
2122 silly reify mark deleted [
2122 silly reify   'C:\\Users\\ssamy\\Documents\\Codex\\2026-09-24\\cre\\node_modules\\@esbuild\\linux-s390x'
2122 silly reify ]
2123 verbose reify failed optional dependency C:\Users\ssamy\Documents\Codex\2026-09-24\cre\node_modules\@esbuild\linux-riscv64
2124 silly reify mark deleted [
2124 silly reify   'C:\\Users\\ssamy\\Documents\\Codex\\2026-09-24\\cre\\node_modules\\@esbuild\\linux-riscv64'
2124 silly reify ]
2125 verbose reify failed optional dependency C:\Users\ssamy\Documents\Codex\2026-09-24\cre\node_modules\@esbuild\linux-ppc64
2126 silly reify mark deleted [
2126 silly reify   'C:\\Users\\ssamy\\Documents\\Codex\\2026-09-24\\cre\\node_modules\\@esbuild\\linux-ppc64'
2126 silly reify ]
2127 verbose reify failed optional dependency C:\Users\ssamy\Documents\Codex\2026-09-24\cre\node_modules\@esbuild\linux-mips64el
2128 silly reify mark deleted [
2128 silly reify   'C:\\Users\\ssamy\\Documents\\Codex\\2026-09-24\\cre\\node_modules\\@esbuild\\linux-mips64el'
2128 silly reify ]
2129 verbose reify failed optional dependency C:\Users\ssamy\Documents\Codex\2026-09-24\cre\node_modules\@esbuild\linux-loong64
2130 silly reify mark deleted [
2130 silly reify   'C:\\Users\\ssamy\\Documents\\Codex\\2026-09-24\\cre\\node_modules\\@esbuild\\linux-loong64'
2130 silly reify ]
2131 verbose reify failed optional dependency C:\Users\ssamy\Documents\Codex\2026-09-24\cre\node_modules\@esbuild\linux-ia32
2132 silly reify mark deleted [
2132 silly reify   'C:\\Users\\ssamy\\Documents\\Codex\\2026-09-24\\cre\\node_modules\\@esbuild\\linux-ia32'
2132 silly reify ]
2133 verbose reify failed optional dependency C:\Users\ssamy\Documents\Codex\2026-09-24\cre\node_modules\@esbuild\linux-arm64
2134 silly reify mark deleted [
2134 silly reify   'C:\\Users\\ssamy\\Documents\\Codex\\2026-09-24\\cre\\node_modules\\@esbuild\\linux-arm64'
2134 silly reify ]
2135 verbose reify failed optional dependency C:\Users\ssamy\Documents\Codex\2026-09-24\cre\node_modules\@esbuild\linux-arm
2136 silly reify mark deleted [
2136 silly reify   'C:\\Users\\ssamy\\Documents\\Codex\\2026-09-24\\cre\\node_modules\\@esbuild\\linux-arm'
2136 silly reify ]
2137 verbose reify failed optional dependency C:\Users\ssamy\Documents\Codex\2026-09-24\cre\node_modules\@esbuild\freebsd-x64
2138 silly reify mark deleted [
2138 silly reify   'C:\\Users\\ssamy\\Documents\\Codex\\2026-09-24\\cre\\node_modules\\@esbuild\\freebsd-x64'
2138 silly reify ]
2139 verbose reify failed optional dependency C:\Users\ssamy\Documents\Codex\2026-09-24\cre\node_modules\@esbuild\freebsd-arm64
2140 silly reify mark deleted [
2140 silly reify   'C:\\Users\\ssamy\\Documents\\Codex\\2026-09-24\\cre\\node_modules\\@esbuild\\freebsd-arm64'
2140 silly reify ]
2141 verbose reify failed optional dependency C:\Users\ssamy\Documents\Codex\2026-09-24\cre\node_modules\@esbuild\darwin-x64
2142 silly reify mark deleted [
2142 silly reify   'C:\\Users\\ssamy\\Documents\\Codex\\2026-09-24\\cre\\node_modules\\@esbuild\\darwin-x64'
2142 silly reify ]
2143 verbose reify failed optional dependency C:\Users\ssamy\Documents\Codex\2026-09-24\cre\node_modules\@esbuild\darwin-arm64
2144 silly reify mark deleted [
2144 silly reify   'C:\\Users\\ssamy\\Documents\\Codex\\2026-09-24\\cre\\node_modules\\@esbuild\\darwin-arm64'
2144 silly reify ]
2145 verbose reify failed optional dependency C:\Users\ssamy\Documents\Codex\2026-09-24\cre\node_modules\@esbuild\android-x64
2146 silly reify mark deleted [
2146 silly reify   'C:\\Users\\ssamy\\Documents\\Codex\\2026-09-24\\cre\\node_modules\\@esbuild\\android-x64'
2146 silly reify ]
2147 verbose reify failed optional dependency C:\Users\ssamy\Documents\Codex\2026-09-24\cre\node_modules\@esbuild\android-arm64
2148 silly reify mark deleted [
2148 silly reify   'C:\\Users\\ssamy\\Documents\\Codex\\2026-09-24\\cre\\node_modules\\@esbuild\\android-arm64'
2148 silly reify ]
2149 verbose reify failed optional dependency C:\Users\ssamy\Documents\Codex\2026-09-24\cre\node_modules\@esbuild\android-arm
2150 silly reify mark deleted [
2150 silly reify   'C:\\Users\\ssamy\\Documents\\Codex\\2026-09-24\\cre\\node_modules\\@esbuild\\android-arm'
2150 silly reify ]
2151 verbose reify failed optional dependency C:\Users\ssamy\Documents\Codex\2026-09-24\cre\node_modules\@esbuild\aix-ppc64
2152 silly reify mark deleted [
2152 silly reify   'C:\\Users\\ssamy\\Documents\\Codex\\2026-09-24\\cre\\node_modules\\@esbuild\\aix-ppc64'
2152 silly reify ]
2153 verbose reify failed optional dependency C:\Users\ssamy\Documents\Codex\2026-09-24\cre\node_modules\@astrojs\compiler-binding-win32-arm64-msvc
2154 silly reify mark deleted [
2154 silly reify   'C:\\Users\\ssamy\\Documents\\Codex\\2026-09-24\\cre\\node_modules\\@astrojs\\compiler-binding-win32-arm64-msvc'
2154 silly reify ]
2155 verbose reify failed optional dependency C:\Users\ssamy\Documents\Codex\2026-09-24\cre\node_modules\@astrojs\compiler-binding-wasm32-wasi
2156 silly reify mark deleted [
2156 silly reify   'C:\\Users\\ssamy\\Documents\\Codex\\2026-09-24\\cre\\node_modules\\@astrojs\\compiler-binding-wasm32-wasi'
2156 silly reify ]
2157 verbose reify failed optional dependency C:\Users\ssamy\Documents\Codex\2026-09-24\cre\node_modules\@astrojs\compiler-binding-linux-x64-musl
2158 silly reify mark deleted [
2158 silly reify   'C:\\Users\\ssamy\\Documents\\Codex\\2026-09-24\\cre\\node_modules\\@astrojs\\compiler-binding-linux-x64-musl'
2158 silly reify ]
2159 verbose reify failed optional dependency C:\Users\ssamy\Documents\Codex\2026-09-24\cre\node_modules\@astrojs\compiler-binding-linux-x64-gnu
2160 silly reify mark deleted [
2160 silly reify   'C:\\Users\\ssamy\\Documents\\Codex\\2026-09-24\\cre\\node_modules\\@astrojs\\compiler-binding-linux-x64-gnu'
2160 silly reify ]
2161 verbose reify failed optional dependency C:\Users\ssamy\Documents\Codex\2026-09-24\cre\node_modules\@astrojs\compiler-binding-linux-arm64-musl
2162 silly reify mark deleted [
2162 silly reify   'C:\\Users\\ssamy\\Documents\\Codex\\2026-09-24\\cre\\node_modules\\@astrojs\\compiler-binding-linux-arm64-musl'
2162 silly reify ]
2163 verbose reify failed optional dependency C:\Users\ssamy\Documents\Codex\2026-09-24\cre\node_modules\@astrojs\compiler-binding-linux-arm64-gnu
2164 silly reify mark deleted [
2164 silly reify   'C:\\Users\\ssamy\\Documents\\Codex\\2026-09-24\\cre\\node_modules\\@astrojs\\compiler-binding-linux-arm64-gnu'
2164 silly reify ]
2165 verbose reify failed optional dependency C:\Users\ssamy\Documents\Codex\2026-09-24\cre\node_modules\@astrojs\compiler-binding-darwin-x64
2166 silly reify mark deleted [
2166 silly reify   'C:\\Users\\ssamy\\Documents\\Codex\\2026-09-24\\cre\\node_modules\\@astrojs\\compiler-binding-darwin-x64'
2166 silly reify ]
2167 verbose reify failed optional dependency C:\Users\ssamy\Documents\Codex\2026-09-24\cre\node_modules\@astrojs\compiler-binding-darwin-arm64
2168 silly reify mark deleted [
2168 silly reify   'C:\\Users\\ssamy\\Documents\\Codex\\2026-09-24\\cre\\node_modules\\@astrojs\\compiler-binding-darwin-arm64'
2168 silly reify ]
2169 verbose reify failed optional dependency C:\Users\ssamy\Documents\Codex\2026-09-24\cre\node_modules\@astrojs\compiler-binding-android-arm64
2170 silly reify mark deleted [
2170 silly reify   'C:\\Users\\ssamy\\Documents\\Codex\\2026-09-24\\cre\\node_modules\\@astrojs\\compiler-binding-android-arm64'
2170 silly reify ]
2171 http cache @rolldown/pluginutils@https://registry.npmjs.org/@rolldown/pluginutils/-/pluginutils-1.0.1.tgz 0ms (cache hit)
2172 http cache @oxc-project/types@https://registry.npmjs.org/@oxc-project/types/-/types-0.151.0.tgz 0ms (cache hit)
2173 http cache @rolldown/binding-win32-x64-msvc@https://registry.npmjs.org/@rolldown/binding-win32-x64-msvc/-/binding-win32-x64-msvc-1.2.11.tgz 0ms (cache hit)
2174 http cache lightningcss-win32-x64-msvc@https://registry.npmjs.org/lightningcss-win32-x64-msvc/-/lightningcss-win32-x64-msvc-1.33.0.tgz 0ms (cache hit)
2175 http cache nanoid@https://registry.npmjs.org/nanoid/-/nanoid-3.3.19.tgz 1ms (cache hit)
2176 http cache postcss@https://registry.npmjs.org/postcss/-/postcss-8.5.28.tgz 0ms (cache hit)
2177 http cache rolldown@https://registry.npmjs.org/rolldown/-/rolldown-1.2.11.tgz 0ms (cache hit)
2178 http cache lightningcss@https://registry.npmjs.org/lightningcss/-/lightningcss-1.33.0.tgz 0ms (cache hit)
2179 http cache unist-util-stringify-position@https://registry.npmjs.org/unist-util-stringify-position/-/unist-util-stringify-position-4.0.0.tgz 0ms (cache hit)
2180 http cache vfile-message@https://registry.npmjs.org/vfile-message/-/vfile-message-4.0.3.tgz 0ms (cache hit)
2181 http cache uncrypto@https://registry.npmjs.org/uncrypto/-/uncrypto-0.1.3.tgz 0ms (cache hit)
2182 http cache defu@https://registry.npmjs.org/defu/-/defu-6.1.7.tgz 1ms (cache hit)
2183 http cache node-mock-http@https://registry.npmjs.org/node-mock-http/-/node-mock-http-1.0.5.tgz 0ms (cache hit)
2184 http cache iron-webcrypto@https://registry.npmjs.org/iron-webcrypto/-/iron-webcrypto-1.2.1.tgz 0ms (cache hit)
2185 http cache radix3@https://registry.npmjs.org/radix3/-/radix3-1.1.2.tgz 0ms (cache hit)
2186 http cache crossws@https://registry.npmjs.org/crossws/-/crossws-0.3.5.tgz 0ms (cache hit)
2187 http cache cookie-es@https://registry.npmjs.org/cookie-es/-/cookie-es-1.2.3.tgz 0ms (cache hit)
2188 http cache normalize-path@https://registry.npmjs.org/normalize-path/-/normalize-path-3.0.0.tgz 0ms (cache hit)
2189 http cache ufo@https://registry.npmjs.org/ufo/-/ufo-1.6.4.tgz 0ms (cache hit)
2190 http cache readdirp@https://registry.npmjs.org/readdirp/-/readdirp-5.1.1.tgz 0ms (cache hit)
2191 http cache node-fetch-native@https://registry.npmjs.org/node-fetch-native/-/node-fetch-native-1.6.7.tgz 0ms (cache hit)
2192 http cache ofetch@https://registry.npmjs.org/ofetch/-/ofetch-1.5.1.tgz 0ms (cache hit)
2193 http cache h3@https://registry.npmjs.org/h3/-/h3-1.15.11.tgz 0ms (cache hit)
2194 http cache destr@https://registry.npmjs.org/destr/-/destr-2.0.5.tgz 0ms (cache hit)
2195 http cache lru-cache@https://registry.npmjs.org/lru-cache/-/lru-cache-11.5.3.tgz 0ms (cache hit)
2196 http cache chokidar@https://registry.npmjs.org/chokidar/-/chokidar-5.0.0.tgz 0ms (cache hit)
2197 http cache anymatch@https://registry.npmjs.org/anymatch/-/anymatch-3.1.3.tgz 0ms (cache hit)
2198 http cache unist-util-is@https://registry.npmjs.org/unist-util-is/-/unist-util-is-6.0.1.tgz 0ms (cache hit)
2199 http cache unist-util-visit-parents@https://registry.npmjs.org/unist-util-visit-parents/-/unist-util-visit-parents-6.0.2.tgz 0ms (cache hit)
2200 http cache trough@https://registry.npmjs.org/trough/-/trough-2.2.0.tgz 0ms (cache hit)
2201 http cache undici@https://registry.npmjs.org/undici/-/undici-8.11.2.tgz 0ms (cache hit)
2202 http cache extend@https://registry.npmjs.org/extend/-/extend-3.0.2.tgz 0ms (cache hit)
2203 http cache fdir@https://registry.npmjs.org/fdir/-/fdir-6.5.0.tgz 0ms (cache hit)
2204 http cache bail@https://registry.npmjs.org/bail/-/bail-2.0.2.tgz 0ms (cache hit)
2205 http cache entities@https://registry.npmjs.org/entities/-/entities-4.5.0.tgz 0ms (cache hit)
2206 http cache ohash@https://registry.npmjs.org/ohash/-/ohash-2.0.12.tgz 0ms (cache hit)
2207 http cache @typescript/typescript-win32-x64@https://registry.npmjs.org/@typescript/typescript-win32-x64/-/typescript-win32-x64-7.0.2.tgz 0ms (cache hit)
2208 http cache dom-serializer@https://registry.npmjs.org/dom-serializer/-/dom-serializer-2.0.0.tgz 0ms (cache hit)
2209 http cache mdn-data@https://registry.npmjs.org/mdn-data/-/mdn-data-2.27.1.tgz 0ms (cache hit)
2210 http cache domelementtype@https://registry.npmjs.org/domelementtype/-/domelementtype-2.3.0.tgz 0ms (cache hit)
2211 http cache is-plain-obj@https://registry.npmjs.org/is-plain-obj/-/is-plain-obj-4.1.0.tgz 0ms (cache hit)
2212 http cache nth-check@https://registry.npmjs.org/nth-check/-/nth-check-2.1.1.tgz 0ms (cache hit)
2213 http cache boolbase@https://registry.npmjs.org/boolbase/-/boolbase-1.0.0.tgz 0ms (cache hit)
2214 http cache domutils@https://registry.npmjs.org/domutils/-/domutils-3.2.2.tgz 0ms (cache hit)
2215 http cache domhandler@https://registry.npmjs.org/domhandler/-/domhandler-5.0.3.tgz 0ms (cache hit)
2216 http cache css-tree@https://registry.npmjs.org/css-tree/-/css-tree-3.2.1.tgz 0ms (cache hit)
2217 http cache picocolors@https://registry.npmjs.org/picocolors/-/picocolors-1.1.1.tgz 0ms (cache hit)
2218 http cache css-select@https://registry.npmjs.org/css-select/-/css-select-6.0.0.tgz 0ms (cache hit)
2219 http cache csso@https://registry.npmjs.org/csso/-/csso-5.0.5.tgz 0ms (cache hit)
2220 http cache css-what@https://registry.npmjs.org/css-what/-/css-what-7.0.0.tgz 0ms (cache hit)
2221 http cache commander@https://registry.npmjs.org/commander/-/commander-11.1.0.tgz 0ms (cache hit)
2222 http cache anynum@https://registry.npmjs.org/anynum/-/anynum-1.0.1.tgz 0ms (cache hit)
2223 http cache character-entities-html4@https://registry.npmjs.org/character-entities-html4/-/character-entities-html4-2.1.0.tgz 0ms (cache hit)
2224 http cache @types/sax@https://registry.npmjs.org/@types/sax/-/sax-1.2.7.tgz 0ms (cache hit)
2225 http cache character-entities-legacy@https://registry.npmjs.org/character-entities-legacy/-/character-entities-legacy-3.0.0.tgz 1ms (cache hit)
2226 http cache undici-types@https://registry.npmjs.org/undici-types/-/undici-types-7.18.2.tgz 0ms (cache hit)
2227 http cache @types/node@https://registry.npmjs.org/@types/node/-/node-24.13.6.tgz 0ms (cache hit)
2228 http cache sax@https://registry.npmjs.org/sax/-/sax-1.6.1.tgz 0ms (cache hit)
2229 http cache arg@https://registry.npmjs.org/arg/-/arg-5.0.2.tgz 0ms (cache hit)
2230 http cache regex-recursion@https://registry.npmjs.org/regex-recursion/-/regex-recursion-6.0.2.tgz 0ms (cache hit)
2231 http cache regex@https://registry.npmjs.org/regex/-/regex-6.1.0.tgz 0ms (cache hit)
2232 http cache micromark-util-symbol@https://registry.npmjs.org/micromark-util-symbol/-/micromark-util-symbol-2.0.1.tgz 0ms (cache hit)
2233 http cache oniguruma-parser@https://registry.npmjs.org/oniguruma-parser/-/oniguruma-parser-0.12.2.tgz 0ms (cache hit)
2234 http cache regex-utilities@https://registry.npmjs.org/regex-utilities/-/regex-utilities-2.3.0.tgz 0ms (cache hit)
2235 http cache micromark-util-types@https://registry.npmjs.org/micromark-util-types/-/micromark-util-types-2.0.2.tgz 0ms (cache hit)
2236 http cache micromark-util-encode@https://registry.npmjs.org/micromark-util-encode/-/micromark-util-encode-2.0.1.tgz 0ms (cache hit)
2237 http cache micromark-util-character@https://registry.npmjs.org/micromark-util-character/-/micromark-util-character-2.1.1.tgz 0ms (cache hit)
2238 http cache dequal@https://registry.npmjs.org/dequal/-/dequal-2.0.3.tgz 0ms (cache hit)
2239 http cache unist-util-position@https://registry.npmjs.org/unist-util-position/-/unist-util-position-5.0.0.tgz 0ms (cache hit)
2240 http cache vfile@https://registry.npmjs.org/vfile/-/vfile-6.0.3.tgz 0ms (cache hit)
2241 http cache trim-lines@https://registry.npmjs.org/trim-lines/-/trim-lines-3.0.1.tgz 0ms (cache hit)
2242 http cache @ungap/structured-clone@https://registry.npmjs.org/@ungap/structured-clone/-/structured-clone-1.4.0.tgz 0ms (cache hit)
2243 http cache stringify-entities@https://registry.npmjs.org/stringify-entities/-/stringify-entities-4.0.4.tgz 0ms (cache hit)
2244 http cache devlop@https://registry.npmjs.org/devlop/-/devlop-1.1.0.tgz 0ms (cache hit)
2245 http cache zwitch@https://registry.npmjs.org/zwitch/-/zwitch-2.0.4.tgz 0ms (cache hit)
2246 http cache micromark-util-sanitize-uri@https://registry.npmjs.org/micromark-util-sanitize-uri/-/micromark-util-sanitize-uri-2.0.1.tgz 0ms (cache hit)
2247 http cache space-separated-tokens@https://registry.npmjs.org/space-separated-tokens/-/space-separated-tokens-2.0.2.tgz 0ms (cache hit)
2248 http cache property-information@https://registry.npmjs.org/property-information/-/property-information-7.2.0.tgz 0ms (cache hit)
2249 http cache mdast-util-to-hast@https://registry.npmjs.org/mdast-util-to-hast/-/mdast-util-to-hast-13.2.1.tgz 1ms (cache hit)
2250 http cache html-void-elements@https://registry.npmjs.org/html-void-elements/-/html-void-elements-3.0.0.tgz 0ms (cache hit)
2251 http cache hast-util-whitespace@https://registry.npmjs.org/hast-util-whitespace/-/hast-util-whitespace-3.0.0.tgz 0ms (cache hit)
2252 http cache ccount@https://registry.npmjs.org/ccount/-/ccount-2.0.1.tgz 0ms (cache hit)
2253 http cache comma-separated-tokens@https://registry.npmjs.org/comma-separated-tokens/-/comma-separated-tokens-2.0.3.tgz 0ms (cache hit)
2254 http cache oniguruma-to-es@https://registry.npmjs.org/oniguruma-to-es/-/oniguruma-to-es-4.3.6.tgz 0ms (cache hit)
2255 http cache @shikijs/primitive@https://registry.npmjs.org/@shikijs/primitive/-/primitive-4.4.3.tgz 0ms (cache hit)
2256 http cache hast-util-to-html@https://registry.npmjs.org/hast-util-to-html/-/hast-util-to-html-9.0.5.tgz 0ms (cache hit)
2257 http cache @shikijs/themes@https://registry.npmjs.org/@shikijs/themes/-/themes-4.4.3.tgz 0ms (cache hit)
2258 http cache @shikijs/vscode-textmate@https://registry.npmjs.org/@shikijs/vscode-textmate/-/vscode-textmate-10.0.2.tgz 0ms (cache hit)
2259 http cache @shikijs/types@https://registry.npmjs.org/@shikijs/types/-/types-4.4.3.tgz 0ms (cache hit)
2260 http cache @shikijs/langs@https://registry.npmjs.org/@shikijs/langs/-/langs-4.4.3.tgz 0ms (cache hit)
2261 http cache @shikijs/engine-oniguruma@https://registry.npmjs.org/@shikijs/engine-oniguruma/-/engine-oniguruma-4.4.3.tgz 0ms (cache hit)
2262 http cache @img/sharp-wasm32@https://registry.npmjs.org/@img/sharp-wasm32/-/sharp-wasm32-0.35.4.tgz 0ms (cache hit)
2263 http cache @shikijs/engine-javascript@https://registry.npmjs.org/@shikijs/engine-javascript/-/engine-javascript-4.4.3.tgz 0ms (cache hit)
2264 http cache semver@https://registry.npmjs.org/semver/-/semver-7.8.5.tgz 0ms (cache hit)
2265 http cache @shikijs/core@https://registry.npmjs.org/@shikijs/core/-/core-4.4.3.tgz 0ms (cache hit)
2266 http cache @img/colour@https://registry.npmjs.org/@img/colour/-/colour-1.1.0.tgz 0ms (cache hit)
2267 http cache detect-libc@https://registry.npmjs.org/detect-libc/-/detect-libc-2.1.2.tgz 0ms (cache hit)
2268 http cache @img/sharp-win32-x64@https://registry.npmjs.org/@img/sharp-win32-x64/-/sharp-win32-x64-0.35.4.tgz 0ms (cache hit)
2269 http cache unist-util-visit@https://registry.npmjs.org/unist-util-visit/-/unist-util-visit-5.1.0.tgz 0ms (cache hit)
2270 http cache @types/estree@https://registry.npmjs.org/@types/estree/-/estree-1.0.9.tgz 0ms (cache hit)
2271 http cache nlcst-to-string@https://registry.npmjs.org/nlcst-to-string/-/nlcst-to-string-4.0.0.tgz 0ms (cache hit)
2272 http cache @types/estree-jsx@https://registry.npmjs.org/@types/estree-jsx/-/estree-jsx-1.0.5.tgz 0ms (cache hit)
2273 http cache @bruits/satteri-win32-x64-msvc@https://registry.npmjs.org/@bruits/satteri-win32-x64-msvc/-/satteri-win32-x64-msvc-0.10.5.tgz 0ms (cache hit)
2274 http cache @types/nlcst@https://registry.npmjs.org/@types/nlcst/-/nlcst-2.0.3.tgz 0ms (cache hit)
2275 http cache p-timeout@https://registry.npmjs.org/p-timeout/-/p-timeout-7.0.2.tgz 0ms (cache hit)
2276 http cache @babel/helper-validator-identifier@https://registry.npmjs.org/@babel/helper-validator-identifier/-/helper-validator-identifier-7.29.7.tgz 0ms (cache hit)
2277 http cache eventemitter3@https://registry.npmjs.org/eventemitter3/-/eventemitter3-5.0.4.tgz 0ms (cache hit)
2278 http cache source-map-js@https://registry.npmjs.org/source-map-js/-/source-map-js-1.2.1.tgz 0ms (cache hit)
2279 http cache yocto-queue@https://registry.npmjs.org/yocto-queue/-/yocto-queue-1.2.2.tgz 0ms (cache hit)
2280 http cache @babel/parser@https://registry.npmjs.org/@babel/parser/-/parser-7.29.9.tgz 0ms (cache hit)
2281 http cache @jridgewell/sourcemap-codec@https://registry.npmjs.org/@jridgewell/sourcemap-codec/-/sourcemap-codec-1.6.0.tgz 0ms (cache hit)
2282 http cache @babel/types@https://registry.npmjs.org/@babel/types/-/types-7.29.8.tgz 0ms (cache hit)
2283 http cache @babel/helper-string-parser@https://registry.npmjs.org/@babel/helper-string-parser/-/helper-string-parser-7.29.7.tgz 0ms (cache hit)
2284 http cache argparse@https://registry.npmjs.org/argparse/-/argparse-2.0.1.tgz 0ms (cache hit)
2285 http cache resolve-pkg-maps@https://registry.npmjs.org/resolve-pkg-maps/-/resolve-pkg-maps-1.0.0.tgz 0ms (cache hit)
2286 http cache tiny-inflate@https://registry.npmjs.org/tiny-inflate/-/tiny-inflate-1.0.3.tgz 0ms (cache hit)
2287 http cache @nodable/entities@https://registry.npmjs.org/@nodable/entities/-/entities-3.0.0.tgz 0ms (cache hit)
2288 http cache strnum@https://registry.npmjs.org/strnum/-/strnum-2.4.2.tgz 0ms (cache hit)
2289 http cache xml-naming@https://registry.npmjs.org/xml-naming/-/xml-naming-0.3.0.tgz 0ms (cache hit)
2290 http cache path-expression-matcher@https://registry.npmjs.org/path-expression-matcher/-/path-expression-matcher-1.6.2.tgz 0ms (cache hit)
2291 http cache is-unsafe@https://registry.npmjs.org/is-unsafe/-/is-unsafe-2.0.2.tgz 0ms (cache hit)
2292 http cache fast-xml-builder@https://registry.npmjs.org/fast-xml-builder/-/fast-xml-builder-1.3.1.tgz 0ms (cache hit)
2293 http cache @esbuild/win32-x64@https://registry.npmjs.org/@esbuild/win32-x64/-/win32-x64-0.28.2.tgz 0ms (cache hit)
2294 http cache fast-string-truncated-width@https://registry.npmjs.org/fast-string-truncated-width/-/fast-string-truncated-width-3.0.3.tgz 0ms (cache hit)
2295 http cache @tybys/wasm-util@https://registry.npmjs.org/@tybys/wasm-util/-/wasm-util-0.10.4.tgz 0ms (cache hit)
2296 http cache tslib@https://registry.npmjs.org/tslib/-/tslib-2.8.1.tgz 0ms (cache hit)
2297 http cache process-ancestry@https://registry.npmjs.org/process-ancestry/-/process-ancestry-0.1.0.tgz 0ms (cache hit)
2298 http cache @emnapi/wasi-threads@https://registry.npmjs.org/@emnapi/wasi-threads/-/wasi-threads-1.2.3.tgz 0ms (cache hit)
2299 http cache sisteransi@https://registry.npmjs.org/sisteransi/-/sisteransi-1.0.5.tgz 0ms (cache hit)
2300 http cache @clack/core@https://registry.npmjs.org/@clack/core/-/core-1.5.1.tgz 0ms (cache hit)
2301 http cache fast-wrap-ansi@https://registry.npmjs.org/fast-wrap-ansi/-/fast-wrap-ansi-0.2.2.tgz 0ms (cache hit)
2302 http cache fontkitten@https://registry.npmjs.org/fontkitten/-/fontkitten-1.0.3.tgz 0ms (cache hit)
2303 http cache @napi-rs/wasm-runtime@https://registry.npmjs.org/@napi-rs/wasm-runtime/-/wasm-runtime-1.2.4.tgz 0ms (cache hit)
2304 http cache fast-string-width@https://registry.npmjs.org/fast-string-width/-/fast-string-width-3.0.2.tgz 0ms (cache hit)
2305 http cache @emnapi/core@https://registry.npmjs.org/@emnapi/core/-/core-1.11.3.tgz 0ms (cache hit)
2306 http cache is-docker@https://registry.npmjs.org/is-docker/-/is-docker-4.0.0.tgz 0ms (cache hit)
2307 http cache @emnapi/runtime@https://registry.npmjs.org/@emnapi/runtime/-/runtime-1.11.3.tgz 0ms (cache hit)
2308 http cache yargs-parser@https://registry.npmjs.org/yargs-parser/-/yargs-parser-22.0.0.tgz 0ms (cache hit)
2309 http cache @astrojs/compiler-binding-win32-x64-msvc@https://registry.npmjs.org/@astrojs/compiler-binding-win32-x64-msvc/-/compiler-binding-win32-x64-msvc-0.5.0.tgz 0ms (cache hit)
2310 http cache vite@https://registry.npmjs.org/vite/-/vite-8.3.1.tgz 0ms (cache hit)
2311 http cache @astrojs/compiler-binding@https://registry.npmjs.org/@astrojs/compiler-binding/-/compiler-binding-0.5.0.tgz 0ms (cache hit)
2312 http cache xxhash-wasm@https://registry.npmjs.org/xxhash-wasm/-/xxhash-wasm-1.1.0.tgz 0ms (cache hit)
2313 http cache vitefu@https://registry.npmjs.org/vitefu/-/vitefu-1.1.3.tgz 0ms (cache hit)
2314 http cache verkit@https://registry.npmjs.org/verkit/-/verkit-0.4.1.tgz 0ms (cache hit)
2315 http cache unstorage@https://registry.npmjs.org/unstorage/-/unstorage-1.17.5.tgz 0ms (cache hit)
2316 http cache tinyglobby@https://registry.npmjs.org/tinyglobby/-/tinyglobby-0.2.17.tgz 0ms (cache hit)
2317 http cache unifont@https://registry.npmjs.org/unifont/-/unifont-0.7.5.tgz 0ms (cache hit)
2318 http cache tinyexec@https://registry.npmjs.org/tinyexec/-/tinyexec-1.3.1.tgz 0ms (cache hit)
2319 http cache sharp@https://registry.npmjs.org/sharp/-/sharp-0.35.4.tgz 0ms (cache hit)
2320 http cache svgo@https://registry.npmjs.org/svgo/-/svgo-4.1.0.tgz 0ms (cache hit)
2321 http cache tinyclip@https://registry.npmjs.org/tinyclip/-/tinyclip-1.0.3.tgz 0ms (cache hit)
2322 http cache ultrahtml@https://registry.npmjs.org/ultrahtml/-/ultrahtml-1.7.0.tgz 0ms (cache hit)
2323 http cache package-manager-detector@https://registry.npmjs.org/package-manager-detector/-/package-manager-detector-1.8.0.tgz 0ms (cache hit)
2324 http cache p-limit@https://registry.npmjs.org/p-limit/-/p-limit-7.3.3.tgz 0ms (cache hit)
2325 http cache p-queue@https://registry.npmjs.org/p-queue/-/p-queue-9.3.3.tgz 0ms (cache hit)
2326 http cache neotraverse@https://registry.npmjs.org/neotraverse/-/neotraverse-1.0.1.tgz 0ms (cache hit)
2327 http cache mrmime@https://registry.npmjs.org/mrmime/-/mrmime-2.0.1.tgz 0ms (cache hit)
2328 http cache obug@https://registry.npmjs.org/obug/-/obug-3.0.0.tgz 0ms (cache hit)
2329 http cache magicast@https://registry.npmjs.org/magicast/-/magicast-0.5.5.tgz 0ms (cache hit)
2330 http cache jsonc-parser@https://registry.npmjs.org/jsonc-parser/-/jsonc-parser-3.3.1.tgz 0ms (cache hit)
2331 http cache magic-string@https://registry.npmjs.org/magic-string/-/magic-string-1.4.2.tgz 0ms (cache hit)
2332 http cache http-cache-semantics@https://registry.npmjs.org/http-cache-semantics/-/http-cache-semantics-4.2.0.tgz 0ms (cache hit)
2333 http cache get-tsconfig@https://registry.npmjs.org/get-tsconfig/-/get-tsconfig-5.0.0-beta.4.tgz 0ms (cache hit)
2334 http cache html-escaper@https://registry.npmjs.org/html-escaper/-/html-escaper-3.0.3.tgz 0ms (cache hit)
2335 http cache fontace@https://registry.npmjs.org/fontace/-/fontace-0.4.1.tgz 0ms (cache hit)
2336 http cache find-proc@https://registry.npmjs.org/find-proc/-/find-proc-0.2.0.tgz 0ms (cache hit)
2337 http cache flattie@https://registry.npmjs.org/flattie/-/flattie-1.1.1.tgz 0ms (cache hit)
2338 http cache diff@https://registry.npmjs.org/diff/-/diff-9.0.0.tgz 0ms (cache hit)
2339 http cache devalue@https://registry.npmjs.org/devalue/-/devalue-5.9.4.tgz 0ms (cache hit)
2340 http cache esbuild@https://registry.npmjs.org/esbuild/-/esbuild-0.28.2.tgz 0ms (cache hit)
2341 http cache dset@https://registry.npmjs.org/dset/-/dset-3.1.4.tgz 0ms (cache hit)
2342 http cache cookie@https://registry.npmjs.org/cookie/-/cookie-2.0.1.tgz 0ms (cache hit)
2343 http cache common-ancestor-path@https://registry.npmjs.org/common-ancestor-path/-/common-ancestor-path-2.0.0.tgz 0ms (cache hit)
2344 http cache clsx@https://registry.npmjs.org/clsx/-/clsx-2.1.1.tgz 0ms (cache hit)
2345 http cache ci-info@https://registry.npmjs.org/ci-info/-/ci-info-4.4.0.tgz 0ms (cache hit)
2346 http cache axobject-query@https://registry.npmjs.org/axobject-query/-/axobject-query-4.1.0.tgz 0ms (cache hit)
2347 http cache am-i-vibing@https://registry.npmjs.org/am-i-vibing/-/am-i-vibing-0.4.0.tgz 0ms (cache hit)
2348 http cache @oslojs/encoding@https://registry.npmjs.org/@oslojs/encoding/-/encoding-1.1.0.tgz 0ms (cache hit)
2349 http cache aria-query@https://registry.npmjs.org/aria-query/-/aria-query-5.3.2.tgz 0ms (cache hit)
2350 http cache @clack/prompts@https://registry.npmjs.org/@clack/prompts/-/prompts-1.8.1.tgz 0ms (cache hit)
2351 http cache @astrojs/telemetry@https://registry.npmjs.org/@astrojs/telemetry/-/telemetry-3.3.3.tgz 0ms (cache hit)
2352 http cache @capsizecss/unpack@https://registry.npmjs.org/@capsizecss/unpack/-/unpack-4.0.1.tgz 0ms (cache hit)
2353 http cache @types/unist@https://registry.npmjs.org/@types/unist/-/unist-3.0.3.tgz 0ms (cache hit)
2354 http cache zod@https://registry.npmjs.org/zod/-/zod-4.6.5.tgz 0ms (cache hit)
2355 http cache piccolore@https://registry.npmjs.org/piccolore/-/piccolore-0.1.3.tgz 0ms (cache hit)
2356 http cache @astrojs/compiler-rs@https://registry.npmjs.org/@astrojs/compiler-rs/-/compiler-rs-0.5.0.tgz 0ms (cache hit)
2357 http cache fast-xml-parser@https://registry.npmjs.org/fast-xml-parser/-/fast-xml-parser-5.11.1.tgz 1ms (cache hit)
2358 http cache sitemap@https://registry.npmjs.org/sitemap/-/sitemap-9.0.1.tgz 0ms (cache hit)
2359 http cache prismjs@https://registry.npmjs.org/prismjs/-/prismjs-1.30.0.tgz 0ms (cache hit)
2360 http cache @astrojs/prism@https://registry.npmjs.org/@astrojs/prism/-/prism-4.0.2.tgz 0ms (cache hit)
2361 http cache unified@https://registry.npmjs.org/unified/-/unified-11.0.5.tgz 0ms (cache hit)
2362 http cache shiki@https://registry.npmjs.org/shiki/-/shiki-4.4.3.tgz 0ms (cache hit)
2363 http cache github-slugger@https://registry.npmjs.org/github-slugger/-/github-slugger-2.0.0.tgz 0ms (cache hit)
2364 http cache satteri@https://registry.npmjs.org/satteri/-/satteri-0.10.5.tgz 0ms (cache hit)
2365 http cache retext-smartypants@https://registry.npmjs.org/retext-smartypants/-/retext-smartypants-6.2.0.tgz 0ms (cache hit)
2366 http cache picomatch@https://registry.npmjs.org/picomatch/-/picomatch-4.0.7.tgz 0ms (cache hit)
2367 http cache smol-toml@https://registry.npmjs.org/smol-toml/-/smol-toml-1.9.0.tgz 0ms (cache hit)
2368 http cache @types/hast@https://registry.npmjs.org/@types/hast/-/hast-3.0.5.tgz 0ms (cache hit)
2369 http cache js-yaml@https://registry.npmjs.org/js-yaml/-/js-yaml-4.3.2.tgz 0ms (cache hit)
2370 http cache typescript@https://registry.npmjs.org/typescript/-/typescript-7.0.2.tgz 0ms (cache hit)
2371 http cache @astrojs/markdown-satteri@https://registry.npmjs.org/@astrojs/markdown-satteri/-/markdown-satteri-0.4.2.tgz 0ms (cache hit)
2372 http cache es-module-lexer@https://registry.npmjs.org/es-module-lexer/-/es-module-lexer-2.3.2.tgz 0ms (cache hit)
2373 http cache @astrojs/internal-helpers@https://registry.npmjs.org/@astrojs/internal-helpers/-/internal-helpers-0.11.0.tgz 0ms (cache hit)
2374 http cache @astrojs/rss@https://registry.npmjs.org/@astrojs/rss/-/rss-4.0.19.tgz 0ms (cache hit)
2375 http cache @types/mdast@https://registry.npmjs.org/@types/mdast/-/mdast-4.0.4.tgz 0ms (cache hit)
2376 http cache @astrojs/mdx@https://registry.npmjs.org/@astrojs/mdx/-/mdx-8.0.2.tgz 0ms (cache hit)
2377 http cache astro@https://registry.npmjs.org/astro/-/astro-7.3.5.tgz 0ms (cache hit)
2378 http cache picomatch@https://registry.npmjs.org/picomatch/-/picomatch-2.3.2.tgz 0ms (cache hit)
2379 http cache css-tree@https://registry.npmjs.org/css-tree/-/css-tree-2.2.1.tgz 0ms (cache hit)
2380 http cache mdn-data@https://registry.npmjs.org/mdn-data/-/mdn-data-2.0.28.tgz 0ms (cache hit)
2381 http cache @astrojs/sitemap@https://registry.npmjs.org/@astrojs/sitemap/-/sitemap-3.7.4.tgz 0ms (cache hit)
2382 silly tarball no local data for @rolldown/pluginutils@https://registry.npmjs.org/@rolldown/pluginutils/-/pluginutils-1.0.1.tgz. Extracting by manifest.
2383 silly tarball no local data for @oxc-project/types@https://registry.npmjs.org/@oxc-project/types/-/types-0.151.0.tgz. Extracting by manifest.
2384 silly tarball no local data for @rolldown/binding-win32-x64-msvc@https://registry.npmjs.org/@rolldown/binding-win32-x64-msvc/-/binding-win32-x64-msvc-1.2.11.tgz. Extracting by manifest.
2385 silly tarball no local data for lightningcss-win32-x64-msvc@https://registry.npmjs.org/lightningcss-win32-x64-msvc/-/lightningcss-win32-x64-msvc-1.33.0.tgz. Extracting by manifest.
2386 http cache @emnapi/wasi-threads@https://registry.npmjs.org/@emnapi/wasi-threads/-/wasi-threads-1.2.2.tgz 0ms (cache hit)
2387 http cache @emnapi/core@https://registry.npmjs.org/@emnapi/core/-/core-1.11.1.tgz 0ms (cache hit)
2388 silly tarball no local data for postcss@https://registry.npmjs.org/postcss/-/postcss-8.5.28.tgz. Extracting by manifest.
2389 silly tarball no local data for rolldown@https://registry.npmjs.org/rolldown/-/rolldown-1.2.11.tgz. Extracting by manifest.
2390 silly tarball no local data for lightningcss@https://registry.npmjs.org/lightningcss/-/lightningcss-1.33.0.tgz. Extracting by manifest.
2391 silly tarball no local data for unist-util-stringify-position@https://registry.npmjs.org/unist-util-stringify-position/-/unist-util-stringify-position-4.0.0.tgz. Extracting by manifest.
2392 http cache @emnapi/runtime@https://registry.npmjs.org/@emnapi/runtime/-/runtime-1.11.1.tgz 0ms (cache hit)
2393 silly tarball no local data for vfile-message@https://registry.npmjs.org/vfile-message/-/vfile-message-4.0.3.tgz. Extracting by manifest.
2394 silly tarball no local data for uncrypto@https://registry.npmjs.org/uncrypto/-/uncrypto-0.1.3.tgz. Extracting by manifest.
2395 silly tarball no local data for defu@https://registry.npmjs.org/defu/-/defu-6.1.7.tgz. Extracting by manifest.
2396 silly tarball no local data for node-mock-http@https://registry.npmjs.org/node-mock-http/-/node-mock-http-1.0.5.tgz. Extracting by manifest.
2397 silly tarball no local data for iron-webcrypto@https://registry.npmjs.org/iron-webcrypto/-/iron-webcrypto-1.2.1.tgz. Extracting by manifest.
2398 silly tarball no local data for radix3@https://registry.npmjs.org/radix3/-/radix3-1.1.2.tgz. Extracting by manifest.
2399 silly tarball no local data for nanoid@https://registry.npmjs.org/nanoid/-/nanoid-3.3.19.tgz. Extracting by manifest.
2400 silly tarball no local data for crossws@https://registry.npmjs.org/crossws/-/crossws-0.3.5.tgz. Extracting by manifest.
2401 silly tarball no local data for cookie-es@https://registry.npmjs.org/cookie-es/-/cookie-es-1.2.3.tgz. Extracting by manifest.
2402 silly tarball no local data for normalize-path@https://registry.npmjs.org/normalize-path/-/normalize-path-3.0.0.tgz. Extracting by manifest.
2403 silly tarball no local data for ufo@https://registry.npmjs.org/ufo/-/ufo-1.6.4.tgz. Extracting by manifest.
2404 silly tarball no local data for readdirp@https://registry.npmjs.org/readdirp/-/readdirp-5.1.1.tgz. Extracting by manifest.
2405 silly tarball no local data for node-fetch-native@https://registry.npmjs.org/node-fetch-native/-/node-fetch-native-1.6.7.tgz. Extracting by manifest.
2406 silly tarball no local data for ofetch@https://registry.npmjs.org/ofetch/-/ofetch-1.5.1.tgz. Extracting by manifest.
2407 silly tarball no local data for h3@https://registry.npmjs.org/h3/-/h3-1.15.11.tgz. Extracting by manifest.
2408 silly tarball no local data for destr@https://registry.npmjs.org/destr/-/destr-2.0.5.tgz. Extracting by manifest.
2409 silly tarball no local data for lru-cache@https://registry.npmjs.org/lru-cache/-/lru-cache-11.5.3.tgz. Extracting by manifest.
2410 silly tarball no local data for chokidar@https://registry.npmjs.org/chokidar/-/chokidar-5.0.0.tgz. Extracting by manifest.
2411 silly tarball no local data for anymatch@https://registry.npmjs.org/anymatch/-/anymatch-3.1.3.tgz. Extracting by manifest.
2412 silly tarball no local data for unist-util-is@https://registry.npmjs.org/unist-util-is/-/unist-util-is-6.0.1.tgz. Extracting by manifest.
2413 silly tarball no local data for unist-util-visit-parents@https://registry.npmjs.org/unist-util-visit-parents/-/unist-util-visit-parents-6.0.2.tgz. Extracting by manifest.
2414 silly tarball no local data for trough@https://registry.npmjs.org/trough/-/trough-2.2.0.tgz. Extracting by manifest.
2415 silly tarball no local data for undici@https://registry.npmjs.org/undici/-/undici-8.11.2.tgz. Extracting by manifest.
2416 silly tarball no local data for extend@https://registry.npmjs.org/extend/-/extend-3.0.2.tgz. Extracting by manifest.
2417 silly tarball no local data for fdir@https://registry.npmjs.org/fdir/-/fdir-6.5.0.tgz. Extracting by manifest.
2418 silly tarball no local data for bail@https://registry.npmjs.org/bail/-/bail-2.0.2.tgz. Extracting by manifest.
2419 silly tarball no local data for entities@https://registry.npmjs.org/entities/-/entities-4.5.0.tgz. Extracting by manifest.
2420 silly tarball no local data for ohash@https://registry.npmjs.org/ohash/-/ohash-2.0.12.tgz. Extracting by manifest.
2421 silly tarball no local data for @typescript/typescript-win32-x64@https://registry.npmjs.org/@typescript/typescript-win32-x64/-/typescript-win32-x64-7.0.2.tgz. Extracting by manifest.
2422 silly tarball no local data for dom-serializer@https://registry.npmjs.org/dom-serializer/-/dom-serializer-2.0.0.tgz. Extracting by manifest.
2423 silly tarball no local data for mdn-data@https://registry.npmjs.org/mdn-data/-/mdn-data-2.27.1.tgz. Extracting by manifest.
2424 silly tarball no local data for domelementtype@https://registry.npmjs.org/domelementtype/-/domelementtype-2.3.0.tgz. Extracting by manifest.
2425 silly tarball no local data for is-plain-obj@https://registry.npmjs.org/is-plain-obj/-/is-plain-obj-4.1.0.tgz. Extracting by manifest.
2426 silly tarball no local data for nth-check@https://registry.npmjs.org/nth-check/-/nth-check-2.1.1.tgz. Extracting by manifest.
2427 silly tarball no local data for boolbase@https://registry.npmjs.org/boolbase/-/boolbase-1.0.0.tgz. Extracting by manifest.
2428 silly tarball no local data for domutils@https://registry.npmjs.org/domutils/-/domutils-3.2.2.tgz. Extracting by manifest.
2429 silly tarball no local data for domhandler@https://registry.npmjs.org/domhandler/-/domhandler-5.0.3.tgz. Extracting by manifest.
2430 silly tarball no local data for css-tree@https://registry.npmjs.org/css-tree/-/css-tree-3.2.1.tgz. Extracting by manifest.
2431 silly tarball no local data for picocolors@https://registry.npmjs.org/picocolors/-/picocolors-1.1.1.tgz. Extracting by manifest.
2432 silly tarball no local data for css-select@https://registry.npmjs.org/css-select/-/css-select-6.0.0.tgz. Extracting by manifest.
2433 silly tarball no local data for csso@https://registry.npmjs.org/csso/-/csso-5.0.5.tgz. Extracting by manifest.
2434 silly tarball no local data for css-what@https://registry.npmjs.org/css-what/-/css-what-7.0.0.tgz. Extracting by manifest.
2435 silly tarball no local data for commander@https://registry.npmjs.org/commander/-/commander-11.1.0.tgz. Extracting by manifest.
2436 silly tarball no local data for anynum@https://registry.npmjs.org/anynum/-/anynum-1.0.1.tgz. Extracting by manifest.
2437 silly tarball no local data for character-entities-html4@https://registry.npmjs.org/character-entities-html4/-/character-entities-html4-2.1.0.tgz. Extracting by manifest.
2438 silly tarball no local data for @types/sax@https://registry.npmjs.org/@types/sax/-/sax-1.2.7.tgz. Extracting by manifest.
2439 silly tarball no local data for character-entities-legacy@https://registry.npmjs.org/character-entities-legacy/-/character-entities-legacy-3.0.0.tgz. Extracting by manifest.
2440 silly tarball no local data for undici-types@https://registry.npmjs.org/undici-types/-/undici-types-7.18.2.tgz. Extracting by manifest.
2441 silly tarball no local data for @types/node@https://registry.npmjs.org/@types/node/-/node-24.13.6.tgz. Extracting by manifest.
2442 silly tarball no local data for sax@https://registry.npmjs.org/sax/-/sax-1.6.1.tgz. Extracting by manifest.
2443 silly tarball no local data for arg@https://registry.npmjs.org/arg/-/arg-5.0.2.tgz. Extracting by manifest.
2444 silly tarball no local data for regex-recursion@https://registry.npmjs.org/regex-recursion/-/regex-recursion-6.0.2.tgz. Extracting by manifest.
2445 silly tarball no local data for regex@https://registry.npmjs.org/regex/-/regex-6.1.0.tgz. Extracting by manifest.
2446 silly tarball no local data for micromark-util-symbol@https://registry.npmjs.org/micromark-util-symbol/-/micromark-util-symbol-2.0.1.tgz. Extracting by manifest.
2447 silly tarball no local data for oniguruma-parser@https://registry.npmjs.org/oniguruma-parser/-/oniguruma-parser-0.12.2.tgz. Extracting by manifest.
2448 silly tarball no local data for regex-utilities@https://registry.npmjs.org/regex-utilities/-/regex-utilities-2.3.0.tgz. Extracting by manifest.
2449 silly tarball no local data for micromark-util-types@https://registry.npmjs.org/micromark-util-types/-/micromark-util-types-2.0.2.tgz. Extracting by manifest.
2450 silly tarball no local data for micromark-util-encode@https://registry.npmjs.org/micromark-util-encode/-/micromark-util-encode-2.0.1.tgz. Extracting by manifest.
2451 silly tarball no local data for micromark-util-character@https://registry.npmjs.org/micromark-util-character/-/micromark-util-character-2.1.1.tgz. Extracting by manifest.
2452 silly tarball no local data for dequal@https://registry.npmjs.org/dequal/-/dequal-2.0.3.tgz. Extracting by manifest.
2453 silly tarball no local data for unist-util-position@https://registry.npmjs.org/unist-util-position/-/unist-util-position-5.0.0.tgz. Extracting by manifest.
2454 silly tarball no local data for vfile@https://registry.npmjs.org/vfile/-/vfile-6.0.3.tgz. Extracting by manifest.
2455 silly tarball no local data for trim-lines@https://registry.npmjs.org/trim-lines/-/trim-lines-3.0.1.tgz. Extracting by manifest.
2456 silly tarball no local data for @ungap/structured-clone@https://registry.npmjs.org/@ungap/structured-clone/-/structured-clone-1.4.0.tgz. Extracting by manifest.
2457 silly tarball no local data for stringify-entities@https://registry.npmjs.org/stringify-entities/-/stringify-entities-4.0.4.tgz. Extracting by manifest.
2458 silly tarball no local data for devlop@https://registry.npmjs.org/devlop/-/devlop-1.1.0.tgz. Extracting by manifest.
2459 silly tarball no local data for zwitch@https://registry.npmjs.org/zwitch/-/zwitch-2.0.4.tgz. Extracting by manifest.
2460 silly tarball no local data for micromark-util-sanitize-uri@https://registry.npmjs.org/micromark-util-sanitize-uri/-/micromark-util-sanitize-uri-2.0.1.tgz. Extracting by manifest.
2461 silly tarball no local data for space-separated-tokens@https://registry.npmjs.org/space-separated-tokens/-/space-separated-tokens-2.0.2.tgz. Extracting by manifest.
2462 silly tarball no local data for property-information@https://registry.npmjs.org/property-information/-/property-information-7.2.0.tgz. Extracting by manifest.
2463 silly tarball no local data for mdast-util-to-hast@https://registry.npmjs.org/mdast-util-to-hast/-/mdast-util-to-hast-13.2.1.tgz. Extracting by manifest.
2464 silly tarball no local data for html-void-elements@https://registry.npmjs.org/html-void-elements/-/html-void-elements-3.0.0.tgz. Extracting by manifest.
2465 silly tarball no local data for hast-util-whitespace@https://registry.npmjs.org/hast-util-whitespace/-/hast-util-whitespace-3.0.0.tgz. Extracting by manifest.
2466 silly tarball no local data for ccount@https://registry.npmjs.org/ccount/-/ccount-2.0.1.tgz. Extracting by manifest.
2467 silly tarball no local data for comma-separated-tokens@https://registry.npmjs.org/comma-separated-tokens/-/comma-separated-tokens-2.0.3.tgz. Extracting by manifest.
2468 silly tarball no local data for oniguruma-to-es@https://registry.npmjs.org/oniguruma-to-es/-/oniguruma-to-es-4.3.6.tgz. Extracting by manifest.
2469 silly tarball no local data for @shikijs/primitive@https://registry.npmjs.org/@shikijs/primitive/-/primitive-4.4.3.tgz. Extracting by manifest.
2470 silly tarball no local data for hast-util-to-html@https://registry.npmjs.org/hast-util-to-html/-/hast-util-to-html-9.0.5.tgz. Extracting by manifest.
2471 silly tarball no local data for @shikijs/themes@https://registry.npmjs.org/@shikijs/themes/-/themes-4.4.3.tgz. Extracting by manifest.
2472 silly tarball no local data for @shikijs/vscode-textmate@https://registry.npmjs.org/@shikijs/vscode-textmate/-/vscode-textmate-10.0.2.tgz. Extracting by manifest.
2473 silly tarball no local data for @shikijs/types@https://registry.npmjs.org/@shikijs/types/-/types-4.4.3.tgz. Extracting by manifest.
2474 silly tarball no local data for @shikijs/langs@https://registry.npmjs.org/@shikijs/langs/-/langs-4.4.3.tgz. Extracting by manifest.
2475 silly tarball no local data for @shikijs/engine-oniguruma@https://registry.npmjs.org/@shikijs/engine-oniguruma/-/engine-oniguruma-4.4.3.tgz. Extracting by manifest.
2476 silly tarball no local data for @img/sharp-wasm32@https://registry.npmjs.org/@img/sharp-wasm32/-/sharp-wasm32-0.35.4.tgz. Extracting by manifest.
2477 silly tarball no local data for @shikijs/engine-javascript@https://registry.npmjs.org/@shikijs/engine-javascript/-/engine-javascript-4.4.3.tgz. Extracting by manifest.
2478 silly tarball no local data for semver@https://registry.npmjs.org/semver/-/semver-7.8.5.tgz. Extracting by manifest.
2479 silly tarball no local data for @shikijs/core@https://registry.npmjs.org/@shikijs/core/-/core-4.4.3.tgz. Extracting by manifest.
2480 silly tarball no local data for @img/colour@https://registry.npmjs.org/@img/colour/-/colour-1.1.0.tgz. Extracting by manifest.
2481 silly tarball no local data for detect-libc@https://registry.npmjs.org/detect-libc/-/detect-libc-2.1.2.tgz. Extracting by manifest.
2482 silly tarball no local data for @img/sharp-win32-x64@https://registry.npmjs.org/@img/sharp-win32-x64/-/sharp-win32-x64-0.35.4.tgz. Extracting by manifest.
2483 silly tarball no local data for unist-util-visit@https://registry.npmjs.org/unist-util-visit/-/unist-util-visit-5.1.0.tgz. Extracting by manifest.
2484 silly tarball no local data for @types/estree@https://registry.npmjs.org/@types/estree/-/estree-1.0.9.tgz. Extracting by manifest.
2485 silly tarball no local data for nlcst-to-string@https://registry.npmjs.org/nlcst-to-string/-/nlcst-to-string-4.0.0.tgz. Extracting by manifest.
2486 silly tarball no local data for @types/estree-jsx@https://registry.npmjs.org/@types/estree-jsx/-/estree-jsx-1.0.5.tgz. Extracting by manifest.
2487 silly tarball no local data for @bruits/satteri-win32-x64-msvc@https://registry.npmjs.org/@bruits/satteri-win32-x64-msvc/-/satteri-win32-x64-msvc-0.10.5.tgz. Extracting by manifest.
2488 silly tarball no local data for @types/nlcst@https://registry.npmjs.org/@types/nlcst/-/nlcst-2.0.3.tgz. Extracting by manifest.
2489 silly tarball no local data for p-timeout@https://registry.npmjs.org/p-timeout/-/p-timeout-7.0.2.tgz. Extracting by manifest.
2490 silly tarball no local data for @babel/helper-validator-identifier@https://registry.npmjs.org/@babel/helper-validator-identifier/-/helper-validator-identifier-7.29.7.tgz. Extracting by manifest.
2491 silly tarball no local data for eventemitter3@https://registry.npmjs.org/eventemitter3/-/eventemitter3-5.0.4.tgz. Extracting by manifest.
2492 silly tarball no local data for source-map-js@https://registry.npmjs.org/source-map-js/-/source-map-js-1.2.1.tgz. Extracting by manifest.
2493 silly tarball no local data for yocto-queue@https://registry.npmjs.org/yocto-queue/-/yocto-queue-1.2.2.tgz. Extracting by manifest.
2494 silly tarball no local data for @babel/parser@https://registry.npmjs.org/@babel/parser/-/parser-7.29.9.tgz. Extracting by manifest.
2495 silly tarball no local data for @jridgewell/sourcemap-codec@https://registry.npmjs.org/@jridgewell/sourcemap-codec/-/sourcemap-codec-1.6.0.tgz. Extracting by manifest.
2496 silly tarball no local data for @babel/types@https://registry.npmjs.org/@babel/types/-/types-7.29.8.tgz. Extracting by manifest.
2497 silly tarball no local data for @babel/helper-string-parser@https://registry.npmjs.org/@babel/helper-string-parser/-/helper-string-parser-7.29.7.tgz. Extracting by manifest.
2498 silly tarball no local data for argparse@https://registry.npmjs.org/argparse/-/argparse-2.0.1.tgz. Extracting by manifest.
2499 silly tarball no local data for resolve-pkg-maps@https://registry.npmjs.org/resolve-pkg-maps/-/resolve-pkg-maps-1.0.0.tgz. Extracting by manifest.
2500 silly tarball no local data for tiny-inflate@https://registry.npmjs.org/tiny-inflate/-/tiny-inflate-1.0.3.tgz. Extracting by manifest.
2501 silly tarball no local data for @nodable/entities@https://registry.npmjs.org/@nodable/entities/-/entities-3.0.0.tgz. Extracting by manifest.
2502 silly tarball no local data for strnum@https://registry.npmjs.org/strnum/-/strnum-2.4.2.tgz. Extracting by manifest.
2503 silly tarball no local data for xml-naming@https://registry.npmjs.org/xml-naming/-/xml-naming-0.3.0.tgz. Extracting by manifest.
2504 silly tarball no local data for path-expression-matcher@https://registry.npmjs.org/path-expression-matcher/-/path-expression-matcher-1.6.2.tgz. Extracting by manifest.
2505 silly tarball no local data for is-unsafe@https://registry.npmjs.org/is-unsafe/-/is-unsafe-2.0.2.tgz. Extracting by manifest.
2506 silly tarball no local data for fast-xml-builder@https://registry.npmjs.org/fast-xml-builder/-/fast-xml-builder-1.3.1.tgz. Extracting by manifest.
2507 silly tarball no local data for @esbuild/win32-x64@https://registry.npmjs.org/@esbuild/win32-x64/-/win32-x64-0.28.2.tgz. Extracting by manifest.
2508 silly tarball no local data for fast-string-truncated-width@https://registry.npmjs.org/fast-string-truncated-width/-/fast-string-truncated-width-3.0.3.tgz. Extracting by manifest.
2509 silly tarball no local data for @tybys/wasm-util@https://registry.npmjs.org/@tybys/wasm-util/-/wasm-util-0.10.4.tgz. Extracting by manifest.
2510 silly tarball no local data for tslib@https://registry.npmjs.org/tslib/-/tslib-2.8.1.tgz. Extracting by manifest.
2511 silly tarball no local data for process-ancestry@https://registry.npmjs.org/process-ancestry/-/process-ancestry-0.1.0.tgz. Extracting by manifest.
2512 silly tarball no local data for @emnapi/wasi-threads@https://registry.npmjs.org/@emnapi/wasi-threads/-/wasi-threads-1.2.3.tgz. Extracting by manifest.
2513 silly tarball no local data for sisteransi@https://registry.npmjs.org/sisteransi/-/sisteransi-1.0.5.tgz. Extracting by manifest.
2514 silly tarball no local data for @clack/core@https://registry.npmjs.org/@clack/core/-/core-1.5.1.tgz. Extracting by manifest.
2515 silly tarball no local data for fast-wrap-ansi@https://registry.npmjs.org/fast-wrap-ansi/-/fast-wrap-ansi-0.2.2.tgz. Extracting by manifest.
2516 silly tarball no local data for fontkitten@https://registry.npmjs.org/fontkitten/-/fontkitten-1.0.3.tgz. Extracting by manifest.
2517 silly tarball no local data for @napi-rs/wasm-runtime@https://registry.npmjs.org/@napi-rs/wasm-runtime/-/wasm-runtime-1.2.4.tgz. Extracting by manifest.
2518 silly tarball no local data for fast-string-width@https://registry.npmjs.org/fast-string-width/-/fast-string-width-3.0.2.tgz. Extracting by manifest.
2519 silly tarball no local data for @emnapi/core@https://registry.npmjs.org/@emnapi/core/-/core-1.11.3.tgz. Extracting by manifest.
2520 silly tarball no local data for is-docker@https://registry.npmjs.org/is-docker/-/is-docker-4.0.0.tgz. Extracting by manifest.
2521 silly tarball no local data for @emnapi/runtime@https://registry.npmjs.org/@emnapi/runtime/-/runtime-1.11.3.tgz. Extracting by manifest.
2522 silly tarball no local data for yargs-parser@https://registry.npmjs.org/yargs-parser/-/yargs-parser-22.0.0.tgz. Extracting by manifest.
2523 silly tarball no local data for @astrojs/compiler-binding-win32-x64-msvc@https://registry.npmjs.org/@astrojs/compiler-binding-win32-x64-msvc/-/compiler-binding-win32-x64-msvc-0.5.0.tgz. Extracting by manifest.
2524 silly tarball no local data for vite@https://registry.npmjs.org/vite/-/vite-8.3.1.tgz. Extracting by manifest.
2525 silly tarball no local data for @astrojs/compiler-binding@https://registry.npmjs.org/@astrojs/compiler-binding/-/compiler-binding-0.5.0.tgz. Extracting by manifest.
2526 silly tarball no local data for xxhash-wasm@https://registry.npmjs.org/xxhash-wasm/-/xxhash-wasm-1.1.0.tgz. Extracting by manifest.
2527 silly tarball no local data for vitefu@https://registry.npmjs.org/vitefu/-/vitefu-1.1.3.tgz. Extracting by manifest.
2528 silly tarball no local data for verkit@https://registry.npmjs.org/verkit/-/verkit-0.4.1.tgz. Extracting by manifest.
2529 silly tarball no local data for unstorage@https://registry.npmjs.org/unstorage/-/unstorage-1.17.5.tgz. Extracting by manifest.
2530 silly tarball no local data for tinyglobby@https://registry.npmjs.org/tinyglobby/-/tinyglobby-0.2.17.tgz. Extracting by manifest.
2531 silly tarball no local data for unifont@https://registry.npmjs.org/unifont/-/unifont-0.7.5.tgz. Extracting by manifest.
2532 silly tarball no local data for tinyexec@https://registry.npmjs.org/tinyexec/-/tinyexec-1.3.1.tgz. Extracting by manifest.
2533 silly tarball no local data for sharp@https://registry.npmjs.org/sharp/-/sharp-0.35.4.tgz. Extracting by manifest.
2534 silly tarball no local data for svgo@https://registry.npmjs.org/svgo/-/svgo-4.1.0.tgz. Extracting by manifest.
2535 silly tarball no local data for tinyclip@https://registry.npmjs.org/tinyclip/-/tinyclip-1.0.3.tgz. Extracting by manifest.
2536 silly tarball no local data for ultrahtml@https://registry.npmjs.org/ultrahtml/-/ultrahtml-1.7.0.tgz. Extracting by manifest.
2537 silly tarball no local data for package-manager-detector@https://registry.npmjs.org/package-manager-detector/-/package-manager-detector-1.8.0.tgz. Extracting by manifest.
2538 silly tarball no local data for p-limit@https://registry.npmjs.org/p-limit/-/p-limit-7.3.3.tgz. Extracting by manifest.
2539 silly tarball no local data for p-queue@https://registry.npmjs.org/p-queue/-/p-queue-9.3.3.tgz. Extracting by manifest.
2540 silly tarball no local data for neotraverse@https://registry.npmjs.org/neotraverse/-/neotraverse-1.0.1.tgz. Extracting by manifest.
2541 silly tarball no local data for mrmime@https://registry.npmjs.org/mrmime/-/mrmime-2.0.1.tgz. Extracting by manifest.
2542 silly tarball no local data for obug@https://registry.npmjs.org/obug/-/obug-3.0.0.tgz. Extracting by manifest.
2543 silly tarball no local data for magicast@https://registry.npmjs.org/magicast/-/magicast-0.5.5.tgz. Extracting by manifest.
2544 silly tarball no local data for jsonc-parser@https://registry.npmjs.org/jsonc-parser/-/jsonc-parser-3.3.1.tgz. Extracting by manifest.
2545 silly tarball no local data for magic-string@https://registry.npmjs.org/magic-string/-/magic-string-1.4.2.tgz. Extracting by manifest.
2546 silly tarball no local data for http-cache-semantics@https://registry.npmjs.org/http-cache-semantics/-/http-cache-semantics-4.2.0.tgz. Extracting by manifest.
2547 silly tarball no local data for get-tsconfig@https://registry.npmjs.org/get-tsconfig/-/get-tsconfig-5.0.0-beta.4.tgz. Extracting by manifest.
2548 silly tarball no local data for html-escaper@https://registry.npmjs.org/html-escaper/-/html-escaper-3.0.3.tgz. Extracting by manifest.
2549 silly tarball no local data for fontace@https://registry.npmjs.org/fontace/-/fontace-0.4.1.tgz. Extracting by manifest.
2550 silly tarball no local data for find-proc@https://registry.npmjs.org/find-proc/-/find-proc-0.2.0.tgz. Extracting by manifest.
2551 silly tarball no local data for flattie@https://registry.npmjs.org/flattie/-/flattie-1.1.1.tgz. Extracting by manifest.
2552 silly tarball no local data for diff@https://registry.npmjs.org/diff/-/diff-9.0.0.tgz. Extracting by manifest.
2553 silly tarball no local data for devalue@https://registry.npmjs.org/devalue/-/devalue-5.9.4.tgz. Extracting by manifest.
2554 silly tarball no local data for esbuild@https://registry.npmjs.org/esbuild/-/esbuild-0.28.2.tgz. Extracting by manifest.
2555 silly tarball no local data for dset@https://registry.npmjs.org/dset/-/dset-3.1.4.tgz. Extracting by manifest.
2556 silly tarball no local data for cookie@https://registry.npmjs.org/cookie/-/cookie-2.0.1.tgz. Extracting by manifest.
2557 silly tarball no local data for common-ancestor-path@https://registry.npmjs.org/common-ancestor-path/-/common-ancestor-path-2.0.0.tgz. Extracting by manifest.
2558 silly tarball no local data for clsx@https://registry.npmjs.org/clsx/-/clsx-2.1.1.tgz. Extracting by manifest.
2559 silly tarball no local data for ci-info@https://registry.npmjs.org/ci-info/-/ci-info-4.4.0.tgz. Extracting by manifest.
2560 silly tarball no local data for axobject-query@https://registry.npmjs.org/axobject-query/-/axobject-query-4.1.0.tgz. Extracting by manifest.
2561 silly tarball no local data for am-i-vibing@https://registry.npmjs.org/am-i-vibing/-/am-i-vibing-0.4.0.tgz. Extracting by manifest.
2562 silly tarball no local data for @oslojs/encoding@https://registry.npmjs.org/@oslojs/encoding/-/encoding-1.1.0.tgz. Extracting by manifest.
2563 silly tarball no local data for aria-query@https://registry.npmjs.org/aria-query/-/aria-query-5.3.2.tgz. Extracting by manifest.
2564 silly tarball no local data for @clack/prompts@https://registry.npmjs.org/@clack/prompts/-/prompts-1.8.1.tgz. Extracting by manifest.
2565 silly tarball no local data for @astrojs/telemetry@https://registry.npmjs.org/@astrojs/telemetry/-/telemetry-3.3.3.tgz. Extracting by manifest.
2566 silly tarball no local data for @capsizecss/unpack@https://registry.npmjs.org/@capsizecss/unpack/-/unpack-4.0.1.tgz. Extracting by manifest.
2567 silly tarball no local data for @types/unist@https://registry.npmjs.org/@types/unist/-/unist-3.0.3.tgz. Extracting by manifest.
2568 silly tarball no local data for zod@https://registry.npmjs.org/zod/-/zod-4.6.5.tgz. Extracting by manifest.
2569 silly tarball no local data for piccolore@https://registry.npmjs.org/piccolore/-/piccolore-0.1.3.tgz. Extracting by manifest.
2570 silly tarball no local data for @astrojs/compiler-rs@https://registry.npmjs.org/@astrojs/compiler-rs/-/compiler-rs-0.5.0.tgz. Extracting by manifest.
2571 silly tarball no local data for fast-xml-parser@https://registry.npmjs.org/fast-xml-parser/-/fast-xml-parser-5.11.1.tgz. Extracting by manifest.
2572 silly tarball no local data for sitemap@https://registry.npmjs.org/sitemap/-/sitemap-9.0.1.tgz. Extracting by manifest.
2573 silly tarball no local data for prismjs@https://registry.npmjs.org/prismjs/-/prismjs-1.30.0.tgz. Extracting by manifest.
2574 silly tarball no local data for @astrojs/prism@https://registry.npmjs.org/@astrojs/prism/-/prism-4.0.2.tgz. Extracting by manifest.
2575 silly tarball no local data for unified@https://registry.npmjs.org/unified/-/unified-11.0.5.tgz. Extracting by manifest.
2576 silly tarball no local data for shiki@https://registry.npmjs.org/shiki/-/shiki-4.4.3.tgz. Extracting by manifest.
2577 silly tarball no local data for github-slugger@https://registry.npmjs.org/github-slugger/-/github-slugger-2.0.0.tgz. Extracting by manifest.
2578 silly tarball no local data for satteri@https://registry.npmjs.org/satteri/-/satteri-0.10.5.tgz. Extracting by manifest.
2579 silly tarball no local data for retext-smartypants@https://registry.npmjs.org/retext-smartypants/-/retext-smartypants-6.2.0.tgz. Extracting by manifest.
2580 silly tarball no local data for picomatch@https://registry.npmjs.org/picomatch/-/picomatch-4.0.7.tgz. Extracting by manifest.
2581 silly tarball no local data for smol-toml@https://registry.npmjs.org/smol-toml/-/smol-toml-1.9.0.tgz. Extracting by manifest.
2582 silly tarball no local data for @types/hast@https://registry.npmjs.org/@types/hast/-/hast-3.0.5.tgz. Extracting by manifest.
2583 silly tarball no local data for js-yaml@https://registry.npmjs.org/js-yaml/-/js-yaml-4.3.2.tgz. Extracting by manifest.
2584 silly tarball no local data for typescript@https://registry.npmjs.org/typescript/-/typescript-7.0.2.tgz. Extracting by manifest.
2585 silly tarball no local data for @astrojs/markdown-satteri@https://registry.npmjs.org/@astrojs/markdown-satteri/-/markdown-satteri-0.4.2.tgz. Extracting by manifest.
2586 silly tarball no local data for es-module-lexer@https://registry.npmjs.org/es-module-lexer/-/es-module-lexer-2.3.2.tgz. Extracting by manifest.
2587 silly tarball no local data for @astrojs/internal-helpers@https://registry.npmjs.org/@astrojs/internal-helpers/-/internal-helpers-0.11.0.tgz. Extracting by manifest.
2588 silly tarball no local data for @astrojs/rss@https://registry.npmjs.org/@astrojs/rss/-/rss-4.0.19.tgz. Extracting by manifest.
2589 silly tarball no local data for @types/mdast@https://registry.npmjs.org/@types/mdast/-/mdast-4.0.4.tgz. Extracting by manifest.
2590 silly tarball no local data for @astrojs/mdx@https://registry.npmjs.org/@astrojs/mdx/-/mdx-8.0.2.tgz. Extracting by manifest.
2591 silly tarball no local data for astro@https://registry.npmjs.org/astro/-/astro-7.3.5.tgz. Extracting by manifest.
2592 silly tarball no local data for picomatch@https://registry.npmjs.org/picomatch/-/picomatch-2.3.2.tgz. Extracting by manifest.
2593 silly tarball no local data for css-tree@https://registry.npmjs.org/css-tree/-/css-tree-2.2.1.tgz. Extracting by manifest.
2594 silly tarball no local data for mdn-data@https://registry.npmjs.org/mdn-data/-/mdn-data-2.0.28.tgz. Extracting by manifest.
2595 silly tarball no local data for @astrojs/sitemap@https://registry.npmjs.org/@astrojs/sitemap/-/sitemap-3.7.4.tgz. Extracting by manifest.
2596 silly tarball no local data for @emnapi/wasi-threads@https://registry.npmjs.org/@emnapi/wasi-threads/-/wasi-threads-1.2.2.tgz. Extracting by manifest.
2597 silly tarball no local data for @emnapi/core@https://registry.npmjs.org/@emnapi/core/-/core-1.11.1.tgz. Extracting by manifest.
2598 silly tarball no local data for @emnapi/runtime@https://registry.npmjs.org/@emnapi/runtime/-/runtime-1.11.1.tgz. Extracting by manifest.
2599 http fetch POST 200 https://registry.npmjs.org/-/npm/v1/security/advisories/bulk 424ms
2600 silly audit report {}
2601 http fetch GET 200 https://registry.npmjs.org/@rolldown/pluginutils/-/pluginutils-1.0.1.tgz 323ms (cache miss)
2602 http fetch GET 200 https://registry.npmjs.org/@oxc-project/types/-/types-0.151.0.tgz 326ms (cache miss)
2603 http fetch GET 200 https://registry.npmjs.org/postcss/-/postcss-8.5.28.tgz 501ms (cache miss)
2604 http fetch GET 200 https://registry.npmjs.org/rolldown/-/rolldown-1.2.11.tgz 538ms (cache miss)
2605 http fetch GET 200 https://registry.npmjs.org/nanoid/-/nanoid-3.3.19.tgz 601ms (cache miss)
2606 http fetch GET 200 https://registry.npmjs.org/cookie-es/-/cookie-es-1.2.3.tgz 614ms (cache miss)
2607 http fetch GET 200 https://registry.npmjs.org/normalize-path/-/normalize-path-3.0.0.tgz 646ms (cache miss)
2608 http fetch GET 200 https://registry.npmjs.org/ufo/-/ufo-1.6.4.tgz 702ms (cache miss)
2609 http fetch GET 200 https://registry.npmjs.org/readdirp/-/readdirp-5.1.1.tgz 770ms (cache miss)
2610 http fetch GET 200 https://registry.npmjs.org/crossws/-/crossws-0.3.5.tgz 805ms (cache miss)
2611 http fetch GET 200 https://registry.npmjs.org/node-fetch-native/-/node-fetch-native-1.6.7.tgz 891ms (cache miss)
2612 http fetch GET 200 https://registry.npmjs.org/h3/-/h3-1.15.11.tgz 936ms (cache miss)
2613 http fetch GET 200 https://registry.npmjs.org/ofetch/-/ofetch-1.5.1.tgz 937ms (cache miss)
2614 http fetch GET 200 https://registry.npmjs.org/destr/-/destr-2.0.5.tgz 950ms (cache miss)
2615 http fetch GET 200 https://registry.npmjs.org/vfile-message/-/vfile-message-4.0.3.tgz 1039ms (cache miss)
2616 http fetch GET 200 https://registry.npmjs.org/defu/-/defu-6.1.7.tgz 1043ms (cache miss)
2617 http fetch GET 200 https://registry.npmjs.org/unist-util-stringify-position/-/unist-util-stringify-position-4.0.0.tgz 1080ms (cache miss)
2618 http fetch GET 200 https://registry.npmjs.org/radix3/-/radix3-1.1.2.tgz 1085ms (cache miss)
2619 http fetch GET 200 https://registry.npmjs.org/uncrypto/-/uncrypto-0.1.3.tgz 1093ms (cache miss)
2620 http fetch GET 200 https://registry.npmjs.org/iron-webcrypto/-/iron-webcrypto-1.2.1.tgz 1092ms (cache miss)
2621 http fetch GET 200 https://registry.npmjs.org/node-mock-http/-/node-mock-http-1.0.5.tgz 1169ms (cache miss)
2622 http fetch GET 200 https://registry.npmjs.org/anymatch/-/anymatch-3.1.3.tgz 1213ms (cache miss)
2623 http fetch GET 200 https://registry.npmjs.org/chokidar/-/chokidar-5.0.0.tgz 1217ms (cache miss)
2624 http fetch GET 200 https://registry.npmjs.org/unist-util-is/-/unist-util-is-6.0.1.tgz 1255ms (cache miss)
2625 http fetch GET 200 https://registry.npmjs.org/unist-util-visit-parents/-/unist-util-visit-parents-6.0.2.tgz 1293ms (cache miss)
2626 http fetch GET 200 https://registry.npmjs.org/trough/-/trough-2.2.0.tgz 1309ms (cache miss)
2627 http fetch GET 200 https://registry.npmjs.org/extend/-/extend-3.0.2.tgz 1362ms (cache miss)
2628 http fetch GET 200 https://registry.npmjs.org/bail/-/bail-2.0.2.tgz 1374ms (cache miss)
2629 http fetch GET 200 https://registry.npmjs.org/fdir/-/fdir-6.5.0.tgz 1376ms (cache miss)
2630 http fetch GET 200 https://registry.npmjs.org/ohash/-/ohash-2.0.12.tgz 1425ms (cache miss)
2631 http fetch GET 200 https://registry.npmjs.org/dom-serializer/-/dom-serializer-2.0.0.tgz 1556ms (cache miss)
2632 http fetch GET 200 https://registry.npmjs.org/domelementtype/-/domelementtype-2.3.0.tgz 1641ms (cache miss)
2633 http fetch GET 200 https://registry.npmjs.org/mdn-data/-/mdn-data-2.27.1.tgz 1753ms (cache miss)
2634 http fetch GET 200 https://registry.npmjs.org/is-plain-obj/-/is-plain-obj-4.1.0.tgz 1758ms (cache miss)
2635 http fetch GET 200 https://registry.npmjs.org/boolbase/-/boolbase-1.0.0.tgz 1799ms (cache miss)
2636 http fetch GET 200 https://registry.npmjs.org/nth-check/-/nth-check-2.1.1.tgz 1932ms (cache miss)
2637 http fetch GET 200 https://registry.npmjs.org/domhandler/-/domhandler-5.0.3.tgz 1984ms (cache miss)
2638 http fetch GET 200 https://registry.npmjs.org/entities/-/entities-4.5.0.tgz 1989ms (cache miss)
2639 http fetch GET 200 https://registry.npmjs.org/domutils/-/domutils-3.2.2.tgz 2116ms (cache miss)
2640 http fetch GET 200 https://registry.npmjs.org/lru-cache/-/lru-cache-11.5.3.tgz 2179ms (cache miss)
2641 http fetch GET 200 https://registry.npmjs.org/picocolors/-/picocolors-1.1.1.tgz 2328ms (cache miss)
2642 http fetch GET 200 https://registry.npmjs.org/lightningcss/-/lightningcss-1.33.0.tgz 2538ms (cache miss)
2643 http fetch GET 200 https://registry.npmjs.org/anynum/-/anynum-1.0.1.tgz 2601ms (cache miss)
2644 http fetch GET 200 https://registry.npmjs.org/character-entities-html4/-/character-entities-html4-2.1.0.tgz 2604ms (cache miss)
2645 http fetch GET 200 https://registry.npmjs.org/@types/sax/-/sax-1.2.7.tgz 2611ms (cache miss)
2646 http fetch GET 200 https://registry.npmjs.org/commander/-/commander-11.1.0.tgz 2637ms (cache miss)
2647 http fetch GET 200 https://registry.npmjs.org/character-entities-legacy/-/character-entities-legacy-3.0.0.tgz 2713ms (cache miss)
2648 http fetch GET 200 https://registry.npmjs.org/css-what/-/css-what-7.0.0.tgz 2757ms (cache miss)
2649 http fetch GET 200 https://registry.npmjs.org/undici-types/-/undici-types-7.18.2.tgz 2977ms (cache miss)
2650 http fetch GET 200 https://registry.npmjs.org/sax/-/sax-1.6.1.tgz 3030ms (cache miss)
2651 http fetch GET 200 https://registry.npmjs.org/regex-recursion/-/regex-recursion-6.0.2.tgz 3051ms (cache miss)
2652 http fetch GET 200 https://registry.npmjs.org/arg/-/arg-5.0.2.tgz 3089ms (cache miss)
2653 http fetch GET 200 https://registry.npmjs.org/micromark-util-symbol/-/micromark-util-symbol-2.0.1.tgz 3196ms (cache miss)
2654 http fetch GET 200 https://registry.npmjs.org/css-select/-/css-select-6.0.0.tgz 3209ms (cache miss)
2655 http fetch GET 200 https://registry.npmjs.org/regex-utilities/-/regex-utilities-2.3.0.tgz 3205ms (cache miss)
2656 http fetch GET 200 https://registry.npmjs.org/micromark-util-types/-/micromark-util-types-2.0.2.tgz 3224ms (cache miss)
2657 http fetch GET 200 https://registry.npmjs.org/micromark-util-encode/-/micromark-util-encode-2.0.1.tgz 3294ms (cache miss)
2658 http fetch GET 200 https://registry.npmjs.org/micromark-util-character/-/micromark-util-character-2.1.1.tgz 3476ms (cache miss)
2659 http fetch GET 200 https://registry.npmjs.org/csso/-/csso-5.0.5.tgz 3505ms (cache miss)
2660 http fetch GET 200 https://registry.npmjs.org/dequal/-/dequal-2.0.3.tgz 3501ms (cache miss)
2661 http fetch GET 200 https://registry.npmjs.org/@types/node/-/node-24.13.6.tgz 3519ms (cache miss)
2662 http fetch GET 200 https://registry.npmjs.org/unist-util-position/-/unist-util-position-5.0.0.tgz 3515ms (cache miss)
2663 http fetch GET 200 https://registry.npmjs.org/regex/-/regex-6.1.0.tgz 3616ms (cache miss)
2664 http fetch GET 200 https://registry.npmjs.org/css-tree/-/css-tree-3.2.1.tgz 3623ms (cache miss)
2665 http fetch GET 200 https://registry.npmjs.org/trim-lines/-/trim-lines-3.0.1.tgz 3656ms (cache miss)
2666 http fetch GET 200 https://registry.npmjs.org/vfile/-/vfile-6.0.3.tgz 3659ms (cache miss)
2667 http fetch GET 200 https://registry.npmjs.org/@ungap/structured-clone/-/structured-clone-1.4.0.tgz 3691ms (cache miss)
2668 http fetch GET 200 https://registry.npmjs.org/stringify-entities/-/stringify-entities-4.0.4.tgz 3739ms (cache miss)
2669 http fetch GET 200 https://registry.npmjs.org/devlop/-/devlop-1.1.0.tgz 3779ms (cache miss)
2670 http fetch GET 200 https://registry.npmjs.org/zwitch/-/zwitch-2.0.4.tgz 3819ms (cache miss)
2671 http fetch GET 200 https://registry.npmjs.org/space-separated-tokens/-/space-separated-tokens-2.0.2.tgz 3866ms (cache miss)
2672 http fetch GET 200 https://registry.npmjs.org/micromark-util-sanitize-uri/-/micromark-util-sanitize-uri-2.0.1.tgz 3882ms (cache miss)
2673 http fetch GET 200 https://registry.npmjs.org/html-void-elements/-/html-void-elements-3.0.0.tgz 4005ms (cache miss)
2674 http fetch GET 200 https://registry.npmjs.org/hast-util-whitespace/-/hast-util-whitespace-3.0.0.tgz 4072ms (cache miss)
2675 http fetch GET 200 https://registry.npmjs.org/property-information/-/property-information-7.2.0.tgz 4088ms (cache miss)
2676 http fetch GET 200 https://registry.npmjs.org/ccount/-/ccount-2.0.1.tgz 4098ms (cache miss)
2677 http fetch GET 200 https://registry.npmjs.org/comma-separated-tokens/-/comma-separated-tokens-2.0.3.tgz 4130ms (cache miss)
2678 http fetch GET 200 https://registry.npmjs.org/@shikijs/primitive/-/primitive-4.4.3.tgz 4231ms (cache miss)
2679 http fetch GET 200 https://registry.npmjs.org/undici/-/undici-8.11.2.tgz 4279ms (cache miss)
2680 http fetch GET 200 https://registry.npmjs.org/oniguruma-parser/-/oniguruma-parser-0.12.2.tgz 4271ms (cache miss)
2681 http fetch GET 200 https://registry.npmjs.org/mdast-util-to-hast/-/mdast-util-to-hast-13.2.1.tgz 4278ms (cache miss)
2682 http fetch GET 200 https://registry.npmjs.org/@shikijs/vscode-textmate/-/vscode-textmate-10.0.2.tgz 4339ms (cache miss)
2683 http fetch GET 200 https://registry.npmjs.org/@shikijs/types/-/types-4.4.3.tgz 4347ms (cache miss)
2684 http fetch GET 200 https://registry.npmjs.org/hast-util-to-html/-/hast-util-to-html-9.0.5.tgz 4387ms (cache miss)
2685 http fetch GET 200 https://registry.npmjs.org/@shikijs/engine-javascript/-/engine-javascript-4.4.3.tgz 4511ms (cache miss)
2686 http fetch GET 200 https://registry.npmjs.org/semver/-/semver-7.8.5.tgz 4596ms (cache miss)
2687 http fetch GET 200 https://registry.npmjs.org/detect-libc/-/detect-libc-2.1.2.tgz 4647ms (cache miss)
2688 http fetch GET 200 https://registry.npmjs.org/@shikijs/core/-/core-4.4.3.tgz 4707ms (cache miss)
2689 http fetch GET 200 https://registry.npmjs.org/unist-util-visit/-/unist-util-visit-5.1.0.tgz 4756ms (cache miss)
2690 http fetch GET 200 https://registry.npmjs.org/@types/estree/-/estree-1.0.9.tgz 4943ms (cache miss)
2691 http fetch GET 200 https://registry.npmjs.org/nlcst-to-string/-/nlcst-to-string-4.0.0.tgz 4958ms (cache miss)
2692 http fetch GET 200 https://registry.npmjs.org/@types/estree-jsx/-/estree-jsx-1.0.5.tgz 5119ms (cache miss)
2693 http fetch GET 200 https://registry.npmjs.org/@types/nlcst/-/nlcst-2.0.3.tgz 5209ms (cache miss)
2694 http fetch GET 200 https://registry.npmjs.org/@shikijs/themes/-/themes-4.4.3.tgz 5269ms (cache miss)
2695 http fetch GET 200 https://registry.npmjs.org/@img/colour/-/colour-1.1.0.tgz 5322ms (cache miss)
2696 http fetch GET 200 https://registry.npmjs.org/p-timeout/-/p-timeout-7.0.2.tgz 5429ms (cache miss)
2697 http fetch GET 200 https://registry.npmjs.org/@babel/helper-validator-identifier/-/helper-validator-identifier-7.29.7.tgz 5462ms (cache miss)
2698 http fetch GET 200 https://registry.npmjs.org/oniguruma-to-es/-/oniguruma-to-es-4.3.6.tgz 5479ms (cache miss)
2699 http fetch GET 200 https://registry.npmjs.org/eventemitter3/-/eventemitter3-5.0.4.tgz 5604ms (cache miss)
2700 http fetch GET 200 https://registry.npmjs.org/source-map-js/-/source-map-js-1.2.1.tgz 5638ms (cache miss)
2701 http fetch GET 200 https://registry.npmjs.org/@shikijs/engine-oniguruma/-/engine-oniguruma-4.4.3.tgz 5658ms (cache miss)
2702 http fetch GET 200 https://registry.npmjs.org/yocto-queue/-/yocto-queue-1.2.2.tgz 5666ms (cache miss)
2703 http fetch GET 200 https://registry.npmjs.org/@babel/helper-string-parser/-/helper-string-parser-7.29.7.tgz 6057ms (cache miss)
2704 http fetch GET 200 https://registry.npmjs.org/@jridgewell/sourcemap-codec/-/sourcemap-codec-1.6.0.tgz 6070ms (cache miss)
2705 http fetch GET 200 https://registry.npmjs.org/argparse/-/argparse-2.0.1.tgz 6207ms (cache miss)
2706 http fetch GET 200 https://registry.npmjs.org/resolve-pkg-maps/-/resolve-pkg-maps-1.0.0.tgz 6215ms (cache miss)
2707 http fetch GET 200 https://registry.npmjs.org/tiny-inflate/-/tiny-inflate-1.0.3.tgz 6251ms (cache miss)
2708 http fetch GET 200 https://registry.npmjs.org/@nodable/entities/-/entities-3.0.0.tgz 6299ms (cache miss)
2709 http fetch GET 200 https://registry.npmjs.org/strnum/-/strnum-2.4.2.tgz 6649ms (cache miss)
2710 http fetch GET 200 https://registry.npmjs.org/xml-naming/-/xml-naming-0.3.0.tgz 6668ms (cache miss)
2711 http fetch GET 200 https://registry.npmjs.org/path-expression-matcher/-/path-expression-matcher-1.6.2.tgz 6755ms (cache miss)
2712 http fetch GET 200 https://registry.npmjs.org/is-unsafe/-/is-unsafe-2.0.2.tgz 6782ms (cache miss)
2713 http fetch GET 200 https://registry.npmjs.org/fast-xml-builder/-/fast-xml-builder-1.3.1.tgz 6805ms (cache miss)
2714 http fetch GET 200 https://registry.npmjs.org/@babel/parser/-/parser-7.29.9.tgz 7014ms (cache miss)
2715 http fetch GET 200 https://registry.npmjs.org/fast-string-truncated-width/-/fast-string-truncated-width-3.0.3.tgz 7203ms (cache miss)
2716 http fetch GET 200 https://registry.npmjs.org/process-ancestry/-/process-ancestry-0.1.0.tgz 7248ms (cache miss)
2717 http fetch GET 200 https://registry.npmjs.org/tslib/-/tslib-2.8.1.tgz 7279ms (cache miss)
2718 http fetch GET 200 https://registry.npmjs.org/@tybys/wasm-util/-/wasm-util-0.10.4.tgz 7409ms (cache miss)
2719 http fetch GET 200 https://registry.npmjs.org/@emnapi/wasi-threads/-/wasi-threads-1.2.3.tgz 7437ms (cache miss)
2720 http fetch GET 200 https://registry.npmjs.org/sisteransi/-/sisteransi-1.0.5.tgz 7589ms (cache miss)
2721 http fetch GET 200 https://registry.npmjs.org/@clack/core/-/core-1.5.1.tgz 7762ms (cache miss)
2722 http fetch GET 200 https://registry.npmjs.org/fast-wrap-ansi/-/fast-wrap-ansi-0.2.2.tgz 7787ms (cache miss)
2723 http fetch GET 200 https://registry.npmjs.org/@napi-rs/wasm-runtime/-/wasm-runtime-1.2.4.tgz 8063ms (cache miss)
2724 http fetch GET 200 https://registry.npmjs.org/fast-string-width/-/fast-string-width-3.0.2.tgz 8135ms (cache miss)
2725 http fetch GET 200 https://registry.npmjs.org/is-docker/-/is-docker-4.0.0.tgz 8524ms (cache miss)
2726 http fetch GET 200 https://registry.npmjs.org/@babel/types/-/types-7.29.8.tgz 8561ms (cache miss)
2727 http fetch GET 200 https://registry.npmjs.org/fontkitten/-/fontkitten-1.0.3.tgz 8624ms (cache miss)
2728 http fetch GET 200 https://registry.npmjs.org/@emnapi/runtime/-/runtime-1.11.3.tgz 8655ms (cache miss)
2729 http fetch GET 200 https://registry.npmjs.org/@emnapi/core/-/core-1.11.3.tgz 8798ms (cache miss)
2730 http fetch GET 200 https://registry.npmjs.org/yargs-parser/-/yargs-parser-22.0.0.tgz 8909ms (cache miss)
2731 http fetch GET 200 https://registry.npmjs.org/@astrojs/compiler-binding/-/compiler-binding-0.5.0.tgz 9288ms (cache miss)
2732 http fetch GET 200 https://registry.npmjs.org/vitefu/-/vitefu-1.1.3.tgz 9345ms (cache miss)
2733 http fetch GET 200 https://registry.npmjs.org/xxhash-wasm/-/xxhash-wasm-1.1.0.tgz 9356ms (cache miss)
2734 http fetch GET 200 https://registry.npmjs.org/verkit/-/verkit-0.4.1.tgz 9510ms (cache miss)
2735 http fetch GET 200 https://registry.npmjs.org/unstorage/-/unstorage-1.17.5.tgz 9908ms (cache miss)
2736 http fetch GET 200 https://registry.npmjs.org/tinyglobby/-/tinyglobby-0.2.17.tgz 9925ms (cache miss)
2737 http fetch GET 200 https://registry.npmjs.org/unifont/-/unifont-0.7.5.tgz 9974ms (cache miss)
2738 http fetch GET 200 https://registry.npmjs.org/tinyexec/-/tinyexec-1.3.1.tgz 9986ms (cache miss)
2739 http fetch GET 200 https://registry.npmjs.org/sharp/-/sharp-0.35.4.tgz 10527ms (cache miss)
2740 http fetch GET 200 https://registry.npmjs.org/svgo/-/svgo-4.1.0.tgz 10667ms (cache miss)
2741 http fetch GET 200 https://registry.npmjs.org/tinyclip/-/tinyclip-1.0.3.tgz 10720ms (cache miss)
2742 http fetch GET 200 https://registry.npmjs.org/package-manager-detector/-/package-manager-detector-1.8.0.tgz 10816ms (cache miss)
2743 http fetch GET 200 https://registry.npmjs.org/ultrahtml/-/ultrahtml-1.7.0.tgz 10828ms (cache miss)
2744 http fetch GET 200 https://registry.npmjs.org/p-limit/-/p-limit-7.3.3.tgz 11074ms (cache miss)
2745 http fetch GET 200 https://registry.npmjs.org/lightningcss-win32-x64-msvc/-/lightningcss-win32-x64-msvc-1.33.0.tgz 11269ms (cache miss)
2746 http fetch GET 200 https://registry.npmjs.org/p-queue/-/p-queue-9.3.3.tgz 11237ms (cache miss)
2747 http fetch GET 200 https://registry.npmjs.org/mrmime/-/mrmime-2.0.1.tgz 11394ms (cache miss)
2748 http fetch GET 200 https://registry.npmjs.org/neotraverse/-/neotraverse-1.0.1.tgz 11401ms (cache miss)
2749 http fetch GET 200 https://registry.npmjs.org/obug/-/obug-3.0.0.tgz 11402ms (cache miss)
2750 http fetch GET 200 https://registry.npmjs.org/magicast/-/magicast-0.5.5.tgz 11609ms (cache miss)
2751 http fetch GET 200 https://registry.npmjs.org/magic-string/-/magic-string-1.4.2.tgz 11740ms (cache miss)
2752 http fetch GET 200 https://registry.npmjs.org/jsonc-parser/-/jsonc-parser-3.3.1.tgz 11792ms (cache miss)
2753 http fetch GET 200 https://registry.npmjs.org/html-escaper/-/html-escaper-3.0.3.tgz 11823ms (cache miss)
2754 http fetch GET 200 https://registry.npmjs.org/http-cache-semantics/-/http-cache-semantics-4.2.0.tgz 11832ms (cache miss)
2755 http fetch GET 200 https://registry.npmjs.org/get-tsconfig/-/get-tsconfig-5.0.0-beta.4.tgz 11847ms (cache miss)
2756 http fetch GET 200 https://registry.npmjs.org/fontace/-/fontace-0.4.1.tgz 11925ms (cache miss)
2757 http fetch GET 200 https://registry.npmjs.org/@typescript/typescript-win32-x64/-/typescript-win32-x64-7.0.2.tgz 12006ms (cache miss)
2758 http fetch GET 200 https://registry.npmjs.org/find-proc/-/find-proc-0.2.0.tgz 12022ms (cache miss)
2759 http fetch GET 200 https://registry.npmjs.org/flattie/-/flattie-1.1.1.tgz 12024ms (cache miss)
2760 http fetch GET 200 https://registry.npmjs.org/dset/-/dset-3.1.4.tgz 12103ms (cache miss)
2761 http fetch GET 200 https://registry.npmjs.org/esbuild/-/esbuild-0.28.2.tgz 12111ms (cache miss)
2762 http fetch GET 200 https://registry.npmjs.org/devalue/-/devalue-5.9.4.tgz 12119ms (cache miss)
2763 http fetch GET 200 https://registry.npmjs.org/cookie/-/cookie-2.0.1.tgz 12184ms (cache miss)
2764 http fetch GET 200 https://registry.npmjs.org/clsx/-/clsx-2.1.1.tgz 12281ms (cache miss)
2765 http fetch GET 200 https://registry.npmjs.org/common-ancestor-path/-/common-ancestor-path-2.0.0.tgz 12284ms (cache miss)
2766 http fetch GET 200 https://registry.npmjs.org/ci-info/-/ci-info-4.4.0.tgz 12336ms (cache miss)
2767 http fetch GET 200 https://registry.npmjs.org/am-i-vibing/-/am-i-vibing-0.4.0.tgz 12413ms (cache miss)
2768 http fetch GET 200 https://registry.npmjs.org/@oslojs/encoding/-/encoding-1.1.0.tgz 12511ms (cache miss)
2769 http fetch GET 200 https://registry.npmjs.org/@clack/prompts/-/prompts-1.8.1.tgz 12623ms (cache miss)
2770 http fetch GET 200 https://registry.npmjs.org/@astrojs/telemetry/-/telemetry-3.3.3.tgz 12646ms (cache miss)
2771 http fetch GET 200 https://registry.npmjs.org/@types/unist/-/unist-3.0.3.tgz 12689ms (cache miss)
2772 http fetch GET 200 https://registry.npmjs.org/@capsizecss/unpack/-/unpack-4.0.1.tgz 12695ms (cache miss)
2773 http fetch GET 200 https://registry.npmjs.org/piccolore/-/piccolore-0.1.3.tgz 12796ms (cache miss)
2774 http fetch GET 200 https://registry.npmjs.org/diff/-/diff-9.0.0.tgz 12843ms (cache miss)
2775 http fetch GET 200 https://registry.npmjs.org/axobject-query/-/axobject-query-4.1.0.tgz 12955ms (cache miss)
2776 http fetch GET 200 https://registry.npmjs.org/@astrojs/compiler-rs/-/compiler-rs-0.5.0.tgz 12976ms (cache miss)
2777 http fetch GET 200 https://registry.npmjs.org/@astrojs/prism/-/prism-4.0.2.tgz 13135ms (cache miss)
2778 http fetch GET 200 https://registry.npmjs.org/sitemap/-/sitemap-9.0.1.tgz 13275ms (cache miss)
2779 http fetch GET 200 https://registry.npmjs.org/unified/-/unified-11.0.5.tgz 13298ms (cache miss)
2780 http fetch GET 200 https://registry.npmjs.org/aria-query/-/aria-query-5.3.2.tgz 13424ms (cache miss)
2781 http fetch GET 200 https://registry.npmjs.org/github-slugger/-/github-slugger-2.0.0.tgz 13674ms (cache miss)
2782 http fetch GET 200 https://registry.npmjs.org/picomatch/-/picomatch-4.0.7.tgz 14512ms (cache miss)
2783 http fetch GET 200 https://registry.npmjs.org/retext-smartypants/-/retext-smartypants-6.2.0.tgz 14748ms (cache miss)
2784 http fetch GET 200 https://registry.npmjs.org/vite/-/vite-8.3.1.tgz 14806ms (cache miss)
2785 http fetch GET 200 https://registry.npmjs.org/fast-xml-parser/-/fast-xml-parser-5.11.1.tgz 15088ms (cache miss)
2786 http fetch GET 200 https://registry.npmjs.org/smol-toml/-/smol-toml-1.9.0.tgz 15121ms (cache miss)
2787 http fetch GET 200 https://registry.npmjs.org/satteri/-/satteri-0.10.5.tgz 15249ms (cache miss)
2788 http fetch GET 200 https://registry.npmjs.org/@types/hast/-/hast-3.0.5.tgz 15413ms (cache miss)
2789 http fetch GET 200 https://registry.npmjs.org/prismjs/-/prismjs-1.30.0.tgz 15444ms (cache miss)
2790 http fetch GET 200 https://registry.npmjs.org/es-module-lexer/-/es-module-lexer-2.3.2.tgz 15495ms (cache miss)
2791 http fetch GET 200 https://registry.npmjs.org/@astrojs/internal-helpers/-/internal-helpers-0.11.0.tgz 15618ms (cache miss)
2792 http fetch GET 200 https://registry.npmjs.org/@astrojs/rss/-/rss-4.0.19.tgz 15720ms (cache miss)
2793 http fetch GET 200 https://registry.npmjs.org/@types/mdast/-/mdast-4.0.4.tgz 15753ms (cache miss)
2794 http fetch GET 200 https://registry.npmjs.org/js-yaml/-/js-yaml-4.3.2.tgz 15922ms (cache miss)
2795 http fetch GET 200 https://registry.npmjs.org/@astrojs/markdown-satteri/-/markdown-satteri-0.4.2.tgz 15952ms (cache miss)
2796 http fetch GET 200 https://registry.npmjs.org/picomatch/-/picomatch-2.3.2.tgz 16215ms (cache miss)
2797 http fetch GET 200 https://registry.npmjs.org/@astrojs/mdx/-/mdx-8.0.2.tgz 16461ms (cache miss)
2798 http fetch GET 200 https://registry.npmjs.org/zod/-/zod-4.6.5.tgz 16529ms (cache miss)
2799 http fetch GET 200 https://registry.npmjs.org/shiki/-/shiki-4.4.3.tgz 16903ms (cache miss)
2800 http fetch GET 200 https://registry.npmjs.org/@emnapi/wasi-threads/-/wasi-threads-1.2.2.tgz 16906ms (cache miss)
2801 http fetch GET 200 https://registry.npmjs.org/@astrojs/sitemap/-/sitemap-3.7.4.tgz 16954ms (cache miss)
2802 http fetch GET 200 https://registry.npmjs.org/@emnapi/runtime/-/runtime-1.11.1.tgz 17152ms (cache miss)
2803 http fetch GET 200 https://registry.npmjs.org/@shikijs/langs/-/langs-4.4.3.tgz 17332ms (cache miss)
2804 http fetch GET 200 https://registry.npmjs.org/@emnapi/core/-/core-1.11.1.tgz 17404ms (cache miss)
2805 http fetch GET 200 https://registry.npmjs.org/css-tree/-/css-tree-2.2.1.tgz 17662ms (cache miss)
2806 http fetch GET 200 https://registry.npmjs.org/typescript/-/typescript-7.0.2.tgz 17722ms (cache miss)
2807 http fetch GET 200 https://registry.npmjs.org/mdn-data/-/mdn-data-2.0.28.tgz 17804ms (cache miss)
2808 http fetch GET 200 https://registry.npmjs.org/@img/sharp-wasm32/-/sharp-wasm32-0.35.4.tgz 18166ms (cache miss)
2809 http fetch GET 200 https://registry.npmjs.org/@bruits/satteri-win32-x64-msvc/-/satteri-win32-x64-msvc-0.10.5.tgz 18312ms (cache miss)
2810 http fetch GET 200 https://registry.npmjs.org/@astrojs/compiler-binding-win32-x64-msvc/-/compiler-binding-win32-x64-msvc-0.5.0.tgz 19638ms (cache miss)
2811 http fetch GET 200 https://registry.npmjs.org/astro/-/astro-7.3.5.tgz 21002ms (cache miss)
2812 http fetch GET 200 https://registry.npmjs.org/@rolldown/binding-win32-x64-msvc/-/binding-win32-x64-msvc-1.2.11.tgz 21500ms (cache miss)
2813 http fetch GET 200 https://registry.npmjs.org/@esbuild/win32-x64/-/win32-x64-0.28.2.tgz 22918ms (cache miss)
2814 http fetch GET 200 https://registry.npmjs.org/@img/sharp-win32-x64/-/sharp-win32-x64-0.35.4.tgz 24200ms (cache miss)
2815 info run esbuild@0.28.2 postinstall node_modules/esbuild node install.js
2816 info run esbuild@0.28.2 postinstall { code: 0, signal: null }
2817 silly ADD node_modules/@rolldown/pluginutils
2818 silly ADD node_modules/@rolldown/binding-win32-x64-msvc
2819 silly ADD
2820 silly ADD
2821 silly ADD
2822 silly ADD
2823 silly ADD
2824 silly ADD
2825 silly ADD
2826 silly ADD
2827 silly ADD
2828 silly ADD
2829 silly ADD
2830 silly ADD
2831 silly ADD
2832 silly ADD
2833 silly ADD node_modules/@oxc-project/types
2834 silly ADD node_modules/nanoid
2835 silly ADD node_modules/lightningcss-win32-x64-msvc
2836 silly ADD
2837 silly ADD
2838 silly ADD
2839 silly ADD
2840 silly ADD
2841 silly ADD
2842 silly ADD
2843 silly ADD
2844 silly ADD
2845 silly ADD
2846 silly ADD node_modules/rolldown
2847 silly ADD node_modules/postcss
2848 silly ADD node_modules/lightningcss
2849 silly ADD
2850 silly ADD node_modules/unist-util-stringify-position
2851 silly ADD node_modules/vfile-message
2852 silly ADD node_modules/uncrypto
2853 silly ADD node_modules/radix3
2854 silly ADD node_modules/node-mock-http
2855 silly ADD node_modules/iron-webcrypto
2856 silly ADD node_modules/defu
2857 silly ADD node_modules/crossws
2858 silly ADD node_modules/cookie-es
2859 silly ADD node_modules/readdirp
2860 silly ADD node_modules/normalize-path
2861 silly ADD node_modules/ufo
2862 silly ADD node_modules/ofetch
2863 silly ADD node_modules/node-fetch-native
2864 silly ADD node_modules/lru-cache
2865 silly ADD node_modules/h3
2866 silly ADD node_modules/destr
2867 silly ADD node_modules/chokidar
2868 silly ADD node_modules/anymatch
2869 silly ADD node_modules/anymatch/node_modules/picomatch
2870 silly ADD node_modules/unist-util-visit-parents
2871 silly ADD node_modules/unist-util-is
2872 silly ADD node_modules/undici
2873 silly ADD node_modules/ohash
2874 silly ADD node_modules/trough
2875 silly ADD node_modules/is-plain-obj
2876 silly ADD node_modules/extend
2877 silly ADD node_modules/bail
2878 silly ADD node_modules/@typescript/typescript-win32-x64
2879 silly ADD
2880 silly ADD
2881 silly ADD
2882 silly ADD
2883 silly ADD
2884 silly ADD
2885 silly ADD
2886 silly ADD
2887 silly ADD
2888 silly ADD
2889 silly ADD
2890 silly ADD
2891 silly ADD
2892 silly ADD
2893 silly ADD
2894 silly ADD
2895 silly ADD
2896 silly ADD
2897 silly ADD
2898 silly ADD node_modules/fdir
2899 silly ADD node_modules/entities
2900 silly ADD node_modules/dom-serializer
2901 silly ADD node_modules/domelementtype
2902 silly ADD node_modules/mdn-data
2903 silly ADD node_modules/nth-check
2904 silly ADD node_modules/domutils
2905 silly ADD node_modules/domhandler
2906 silly ADD node_modules/boolbase
2907 silly ADD node_modules/picocolors
2908 silly ADD node_modules/csso
2909 silly ADD node_modules/csso/node_modules/mdn-data
2910 silly ADD node_modules/csso/node_modules/css-tree
2911 silly ADD node_modules/css-what
2912 silly ADD node_modules/css-tree
2913 silly ADD node_modules/css-select
2914 silly ADD node_modules/commander
2915 silly ADD node_modules/anynum
2916 silly ADD node_modules/character-entities-legacy
2917 silly ADD node_modules/character-entities-html4
2918 silly ADD node_modules/undici-types
2919 silly ADD node_modules/sax
2920 silly ADD node_modules/arg
2921 silly ADD node_modules/@types/sax
2922 silly ADD node_modules/@types/node
2923 silly ADD node_modules/regex-utilities
2924 silly ADD node_modules/regex-recursion
2925 silly ADD node_modules/regex
2926 silly ADD node_modules/oniguruma-parser
2927 silly ADD node_modules/micromark-util-types
2928 silly ADD node_modules/micromark-util-symbol
2929 silly ADD node_modules/micromark-util-encode
2930 silly ADD node_modules/micromark-util-character
2931 silly ADD node_modules/dequal
2932 silly ADD node_modules/vfile
2933 silly ADD node_modules/unist-util-position
2934 silly ADD node_modules/trim-lines
2935 silly ADD node_modules/micromark-util-sanitize-uri
2936 silly ADD node_modules/devlop
2937 silly ADD node_modules/@ungap/structured-clone
2938 silly ADD node_modules/zwitch
2939 silly ADD node_modules/stringify-entities
2940 silly ADD node_modules/space-separated-tokens
2941 silly ADD node_modules/property-information
2942 silly ADD node_modules/mdast-util-to-hast
2943 silly ADD node_modules/html-void-elements
2944 silly ADD node_modules/hast-util-whitespace
2945 silly ADD node_modules/comma-separated-tokens
2946 silly ADD node_modules/ccount
2947 silly ADD node_modules/oniguruma-to-es
2948 silly ADD node_modules/hast-util-to-html
2949 silly ADD node_modules/@shikijs/primitive
2950 silly ADD node_modules/@shikijs/vscode-textmate
2951 silly ADD node_modules/@shikijs/types
2952 silly ADD node_modules/@shikijs/themes
2953 silly ADD node_modules/@shikijs/langs
2954 silly ADD node_modules/@shikijs/engine-oniguruma
2955 silly ADD node_modules/@shikijs/engine-javascript
2956 silly ADD node_modules/@shikijs/core
2957 silly ADD node_modules/@img/sharp-wasm32
2958 silly ADD node_modules/semver
2959 silly ADD node_modules/detect-libc
2960 silly ADD node_modules/@img/sharp-win32-x64
2961 silly ADD
2962 silly ADD
2963 silly ADD
2964 silly ADD
2965 silly ADD
2966 silly ADD
2967 silly ADD
2968 silly ADD
2969 silly ADD
2970 silly ADD
2971 silly ADD
2972 silly ADD
2973 silly ADD
2974 silly ADD
2975 silly ADD
2976 silly ADD
2977 silly ADD
2978 silly ADD
2979 silly ADD
2980 silly ADD
2981 silly ADD
2982 silly ADD
2983 silly ADD
2984 silly ADD
2985 silly ADD node_modules/@img/colour
2986 silly ADD node_modules/@types/estree
2987 silly ADD node_modules/@types/estree-jsx
2988 silly ADD node_modules/@bruits/satteri-win32-x64-msvc
2989 silly ADD
2990 silly ADD
2991 silly ADD node_modules/@emnapi/wasi-threads
2992 silly ADD node_modules/@emnapi/runtime
2993 silly ADD node_modules/@emnapi/core
2994 silly ADD
2995 silly ADD
2996 silly ADD
2997 silly ADD
2998 silly ADD
2999 silly ADD
3000 silly ADD node_modules/unist-util-visit
3001 silly ADD node_modules/nlcst-to-string
3002 silly ADD node_modules/@types/nlcst
3003 silly ADD node_modules/p-timeout
3004 silly ADD node_modules/eventemitter3
3005 silly ADD node_modules/yocto-queue
3006 silly ADD node_modules/@babel/helper-validator-identifier
3007 silly ADD node_modules/@babel/helper-string-parser
3008 silly ADD node_modules/source-map-js
3009 silly ADD node_modules/@babel/types
3010 silly ADD node_modules/@babel/parser
3011 silly ADD node_modules/@jridgewell/sourcemap-codec
3012 silly ADD node_modules/argparse
3013 silly ADD node_modules/resolve-pkg-maps
3014 silly ADD node_modules/tiny-inflate
3015 silly ADD node_modules/xml-naming
3016 silly ADD node_modules/strnum
3017 silly ADD node_modules/path-expression-matcher
3018 silly ADD node_modules/is-unsafe
3019 silly ADD node_modules/fast-xml-builder
3020 silly ADD node_modules/@nodable/entities
3021 silly ADD node_modules/fast-string-truncated-width
3022 silly ADD node_modules/@esbuild/win32-x64
3023 silly ADD
3024 silly ADD
3025 silly ADD
3026 silly ADD
3027 silly ADD
3028 silly ADD
3029 silly ADD
3030 silly ADD
3031 silly ADD
3032 silly ADD
3033 silly ADD
3034 silly ADD
3035 silly ADD
3036 silly ADD
3037 silly ADD
3038 silly ADD
3039 silly ADD
3040 silly ADD
3041 silly ADD
3042 silly ADD
3043 silly ADD
3044 silly ADD
3045 silly ADD
3046 silly ADD
3047 silly ADD
3048 silly ADD node_modules/process-ancestry
3049 silly ADD node_modules/@tybys/wasm-util
3050 silly ADD node_modules/tslib
3051 silly ADD node_modules/@emnapi/wasi-threads
3052 silly ADD node_modules/sisteransi
3053 silly ADD node_modules/fast-wrap-ansi
3054 silly ADD node_modules/fast-string-width
3055 silly ADD node_modules/@clack/core
3056 silly ADD node_modules/fontkitten
3057 silly ADD node_modules/is-docker
3058 silly ADD node_modules/@napi-rs/wasm-runtime
3059 silly ADD node_modules/@emnapi/runtime
3060 silly ADD node_modules/@emnapi/core
3061 silly ADD node_modules/@astrojs/compiler-binding-win32-x64-msvc
3062 silly ADD
3063 silly ADD
3064 silly ADD
3065 silly ADD
3066 silly ADD
3067 silly ADD
3068 silly ADD
3069 silly ADD
3070 silly ADD
3071 silly ADD node_modules/@astrojs/compiler-binding
3072 silly ADD node_modules/yargs-parser
3073 silly ADD node_modules/xxhash-wasm
3074 silly ADD node_modules/vitefu
3075 silly ADD node_modules/vite
3076 silly ADD node_modules/verkit
3077 silly ADD node_modules/unstorage
3078 silly ADD node_modules/unifont
3079 silly ADD node_modules/ultrahtml
3080 silly ADD node_modules/tinyglobby
3081 silly ADD node_modules/tinyexec
3082 silly ADD node_modules/tinyclip
3083 silly ADD node_modules/svgo
3084 silly ADD node_modules/sharp
3085 silly ADD node_modules/package-manager-detector
3086 silly ADD node_modules/p-queue
3087 silly ADD node_modules/p-limit
3088 silly ADD node_modules/obug
3089 silly ADD node_modules/neotraverse
3090 silly ADD node_modules/mrmime
3091 silly ADD node_modules/magicast
3092 silly ADD node_modules/magic-string
3093 silly ADD node_modules/jsonc-parser
3094 silly ADD node_modules/http-cache-semantics
3095 silly ADD node_modules/html-escaper
3096 silly ADD node_modules/get-tsconfig
3097 silly ADD node_modules/fontace
3098 silly ADD node_modules/flattie
3099 silly ADD node_modules/find-proc
3100 silly ADD node_modules/esbuild
3101 silly ADD node_modules/dset
3102 silly ADD node_modules/diff
3103 silly ADD node_modules/devalue
3104 silly ADD node_modules/cookie
3105 silly ADD node_modules/common-ancestor-path
3106 silly ADD node_modules/clsx
3107 silly ADD node_modules/ci-info
3108 silly ADD node_modules/axobject-query
3109 silly ADD node_modules/aria-query
3110 silly ADD node_modules/am-i-vibing
3111 silly ADD node_modules/@oslojs/encoding
3112 silly ADD node_modules/@clack/prompts
3113 silly ADD node_modules/@capsizecss/unpack
3114 silly ADD node_modules/@astrojs/telemetry
3115 silly ADD node_modules/@astrojs/compiler-rs
3116 silly ADD node_modules/@types/unist
3117 silly ADD node_modules/sitemap
3118 silly ADD node_modules/zod
3119 silly ADD node_modules/piccolore
3120 silly ADD node_modules/fast-xml-parser
3121 silly ADD node_modules/prismjs
3122 silly ADD node_modules/satteri
3123 silly ADD node_modules/github-slugger
3124 silly ADD node_modules/@astrojs/prism
3125 silly ADD node_modules/unified
3126 silly ADD node_modules/smol-toml
3127 silly ADD node_modules/shiki
3128 silly ADD node_modules/retext-smartypants
3129 silly ADD node_modules/picomatch
3130 silly ADD node_modules/js-yaml
3131 silly ADD node_modules/@types/mdast
3132 silly ADD node_modules/@types/hast
3133 silly ADD node_modules/es-module-lexer
3134 silly ADD node_modules/@astrojs/markdown-satteri
3135 silly ADD node_modules/@astrojs/internal-helpers
3136 silly ADD node_modules/typescript
3137 silly ADD node_modules/@astrojs/sitemap
3138 silly ADD node_modules/@astrojs/rss
3139 silly ADD node_modules/astro
3140 silly ADD node_modules/@astrojs/mdx
3141 verbose cwd C:\Users\ssamy\Documents\Codex\2026-09-24\cre
3142 verbose os Windows_NT 10.0.26100
3143 verbose node v22.23.1
3144 verbose npm  v10.9.8
3145 notice
3145 notice New major version of npm available! 10.9.8 -> 12.1.0
3145 notice Changelog: https://github.com/npm/cli/releases/tag/v12.1.0
3145 notice To update run: npm install -g npm@12.1.0
3145 notice  { force: true, [Symbol(proc-log.meta)]: true }
3146 verbose exit 0
3147 info ok
